tweet,normalized_tweet
"Goood morning Twitter #ElonMusk biggest conman world ever see.       Buy Twitter with him mouth,  just to sell shares from Tesla, Tesla stock way too high.  Now stock sell man still naah pay cent on Twitter 🤣🤣","Good morning Twitter #ElonMusk biggest conman world ever see.       Buy Twitter with him mouth,  just to sell shares from Tesla, Tesla stock way too high.  Now stock sell man still naah pay cent on Twitter 🤣🤣"
@thyAshes @Tesla Broooooooo congrats,@thyAshes @Tesla Bro congrats
"@thefarcentrist @max_roi @ThomasMoneyhon @coldgamecrispy @TheAlexisKraft @elonmusk Ummm... No, he threw his PayPal money at a roadster frame licensed from Lotus. Then he convinced enough investors into funding Tesla. Then he got investors into his space stuff. All he did was throw other people's money at projects. #ElonMusk #elongatedmuskrat #ElonMuskTwitter  https://t.co/vfPVuzGe1V","@thefarcentrist @max_roi @ThomasMoneyhon @coldgamecrispy @TheAlexisKraft @elonmusk Um... No, he threw his PayPal money at a roadster frame licensed from Lotus. Then he convinced enough investors into funding Tesla. Then he got investors into his space stuff. All he did was throw other people's money at projects. #ElonMusk #elongatedmuskrat #ElonMuskTwitter  https://t.co/vfPVuzGe1V"
Whip a Tesla Whip a fucking teslaaaaaaa,Whip a Tesla Whip a fucking tesla
@Jones_Malvin @BaRuvaaa @bdbbabbie hanzi zviriko zvima extra kune vaimbi NEMA actor nevakagadzira tesla lol,@Jones_Malvin @BaRuvaaa @bdbbabbie hanzi zviriko zvima extra kune vaimbi NEMA actor nevakagadzira tesla lol
@panca66 maunya gratis ?? Ganti mobil Tesla cuk !!  Ngak perlu Bensin! Begooo,@panca66 maunya gratis ?? Ganti mobil Tesla cuk !!  Ngak perlu Bensin! Bego
"@XRMultiverse @crush3ddd @ranguitar @aasifferdous @PPathole @elonmusk He didn't flood the market with Tesla stock my guy, that's why it dropped and with it not happening it will likely rebound.  Twitter is kinda fucked though","@XRMultiverse @crush3ddd @ranguitar @aasifferdous @PPathole @elonmusk He didn't flood the market with Tesla stock my guy, that's why it dropped and with it not happening it will likely rebound.  Twitter is kinda fucked though"
@Branche_SC @eshmeeeesh I’d bet on Elons lawyers over Twitters; probably a reduce break up fee. Overall bullish for Tesla if they did this deal Tesla would have been in serious trouble due to a possible Musk margin call scenario,@Branche_SC @eshmeeeesh I’d bet on Elons lawyers over Twitters; probably a reduce break up fee. Overall bullish for Tesla if they did this deal Tesla would have been in serious trouble due to a possible Musk margin call scenario
@JennBeautiful Tesla and Jeep? Yasss queen,@JennBeautiful Tesla and Jeep? Yas queen
"Difference between Bezos and Musk is that while Bezos is rich and evil b/c of exploitation of his workers, at least Amazon is a real product with real value to society.  Musk is all crypto (totally fake) and Tesla (makes bad unsafe cars and is waaaaay overvalued vs how much made)","Difference between Bezos and Musk is that while Bezos is rich and evil b/c of exploitation of his workers, at least Amazon is a real product with real value to society.  Musk is all crypto (totally fake) and Tesla (makes bad unsafe cars and is way overvalued vs how much made)"
@elonmusk @GailAlfarATX @Tesla @teslacn @TeslaOwnersEBay @blueskykites @Kristennetten @JenniCurrent @daelmor @IheartTesla @EvrybodynthrMom Muskkkoo,@elonmusk @GailAlfarATX @Tesla @teslacn @TeslaOwnersEBay @blueskykites @Kristennetten @JenniCurrent @daelmor @IheartTesla @EvrybodynthrMom Muskkkoo
"@Tom_coool @SerbiaBased @trbltrbl1 Hehe hundreds of thousents 🤣  That is another theme and its not related for your first statement  Pls you have 2 simple questions to answer  Pls be adult and normal.Dont just to some ""evil Seebians media article""  How is Serbia Fascist at time of Tesla? Where Tesla lived b USA","@Tom_coool @SerbiaBased @trbltrbl1 Hehe hundreds of thousents 🤣  That is another theme and its not related for your first statement  Pls you have 2 simple questions to answer  Pls be adult and normal.Dont just to some ""evil Seebians media article""  How is Serbia Fascist at time of Tesla? Where Tesla lived b USA"
Most active NASDAQ listed stocks so far today  Dollar Volume: Tesla $TSLA $QQQ Apple $AAPL Nvidia $NVDA Amazon $AMZN $AMD $SQQQ $TQQQ Microsoft $MSFT Facebook $META  Volume: $MULN $PLRX Sundial $SNDL $GRAB American $AAL Pinduoduo $PDD Rivian $RIVN $OPEN Upstart $UPST $DKNG $SOFI,Most active NASDAQ listed stocks so far today  Dollar Volume: Tesla $TSLA $QQQ Apple $AAPL Nvidia $NVDA Amazon $AMZN $AMD $SQQQ $TQQQ Microsoft $MSFT Facebook $META  Volume: $MULN $PLRX Sundial $SNDL $GRAB American $AAL Pinduoduo $PDD Rivian $RIVN $OPEN Upstart $UPST $DKNG $SOFI
"Jaaaaajajaja, estos de Tesla y de la Sorbonne son unos tirribles, siempre haciéndote de tonto @MashiRafael","Jaaaaajajaja, estos de Tesla y de la Sorbonne son unos tirribles, siempre haciéndote de tonto @MashiRafael"
"Pewwnnn, that’s how the Tesla gone sound if I fly pass you","Pewwnnn, that’s how the Tesla gone sound if I fly pass you"
@dogesuppporteam @elonmusk Ya.  Cause Elongate did so well with Twitter resulting in it's share price tanking and Tesla's at the same time.  Probably Betcoin got sideswiped by this narcisssist as well.,@dogesuppporteam @elonmusk Ya.  Cause Elongate did so well with Twitter resulting in it's share price tanking and Tesla's at the same time.  Probably Betcoin got sideswiped by this narcissist as well.
@TESLA_no_TUNO 👀✨ すげー捨てますwww  https://t.co/x9tBPoM4U7,@TESLA_no_TUNO 👀✨ すげー捨てますwww  https://t.co/x9tBPoM4U7
"PART 1 🗝♾⚡️HAPPY BIRTHDAY ❤️⚡️💫 DEAR HERQQQ   ⚡️✨NICOLAS TESLA💫⚡️  YOU HAVE NOT ONLY FOUND THE KEY TO THE UNIVERSE, YOUR INNOVATIONS, WHICH SILENCED YOU BY THE DARK FORCES -  Yours sincerely  @SpaceForceGalacticFederation  https://t.co/ib4zs9Zxov  https://t.co/ecJd9Ey5bK","PART 1 🗝♾⚡️HAPPY BIRTHDAY ❤️⚡️💫 DEAR HERQQQ   ⚡️✨NICOLAS TESLA💫⚡️  YOU HAVE NOT ONLY FOUND THE KEY TO THE UNIVERSE, YOUR INNOVATIONS, WHICH SILENCED YOU BY THE DARK FORCES -  Yours sincerely  @SpaceForceGalacticFederation  https://t.co/ib4zs9Zxov  https://t.co/ecJd9Ey5bK"
"@AHaman1916 @FitnessKlubNr1 @wojcikofficial @elonmusk @Tesla @Teslarati Hmmm, z tą epoką to trochę daleko pojechane 😂🤣  W TMS-P już nie ma ""wajchów"" z merca ;) Ogólnie napęd i wszelakie przetworniki AC/DC, zespół baterii, są jakieś 10 lat przed VAG (widać po efektywności). Za to jakoś materiałów pozostawia wiele do życzenia. 1/2","@AHaman1916 @FitnessKlubNr1 @wojcikofficial @elonmusk @Tesla @Teslarati Hmm, z tą epoką to trochę daleko pojechane 😂🤣  W TMS-P już nie ma ""wajchów"" z merca ;) Ogólnie napęd i wszelakie przetworniki AC/DC, zespół baterii, są jakieś 10 lat przed VAG (widać po efektywności). Za to jakoś materiałów pozostawia wiele do życzenia. 1/2"
@LLLLLLL1969 @unusual_whales I had 10 Tesla puts that expired Friday that would be worth 60k right now,@LLLLLLL1969 @unusual_whales I had 10 Tesla puts that expired Friday that would be worth 60k right now
"Mk mi ídolo hoy estaba de cumpleaños y yo ni enterarme,.aaaa .en fin Te quiero resto Nikola Tesla","Mk mi ídolo hoy estaba de cumpleaños y yo ni enterarme,.aaaa .en fin Te quiero resto Nikola Tesla"
@GOTHAM_Tesla @_w4mY あ、肘当たっちゃいましたって顔をしながらwww,@GOTHAM_Tesla @_w4mY あ、肘当たっちゃいましたって顔をしながらwww
"@wapodavenport WT ever loving F does Bidden have to do with James Web? Ohhh that's right, its an opportunity to snub Elon SpaceX and Tesla, right got it. Nice one, sleepy Joe.","@wapodavenport WT ever loving F does Bidden have to do with James Web? Oh that's right, its an opportunity to snub Elon SpaceX and Tesla, right got it. Nice one, sleepy Joe."
@MichelleBekke11 @elonmusk @GailAlfarATX @Tesla @teslacn @TeslaOwnersEBay @blueskykites @Kristennetten @JenniCurrent @daelmor @IheartTesla @EvrybodynthrMom hahahahahaaaa,@MichelleBekke11 @elonmusk @GailAlfarATX @Tesla @teslacn @TeslaOwnersEBay @blueskykites @Kristennetten @JenniCurrent @daelmor @IheartTesla @EvrybodynthrMom hahahahaha
"@elonmusk Liar! Compared to Tesla in history, you are noooooothing.","@elonmusk Liar! Compared to Tesla in history, you are nothing."
if no one buys a tesla his stock will drop and he will be out of business. Never say no one can do anything about it.#airdrop $MOOO  https://t.co/EsK9DAhEnt,if no one buys a tesla his stock will drop and he will be out of business. Never say no one can do anything about it.#airdrop $MOOO  https://t.co/EsK9DAhEnt
stopp caperrrrr skrg mnding u giveaway tesla aja anjrir,stopp caper skrg mnding u giveaway tesla aja anjrir
"Queue for Tesla supercharger ☹️ More Teslas on the road, more demand for chargers etc Mmmm 🤔  https://t.co/5egoFocW2z","Queue for Tesla supercharger ☹️ More Teslas on the road, more demand for chargers etc Mm 🤔  https://t.co/5egoFocW2z"
"@XRMultiverse @crush3ddd @ranguitar @aasifferdous @PPathole @elonmusk The supply chain issues are nothing new, he's been managing that.  Stocks went down due to speculation that he would dump 40 billion of Tesla stocks into the market.","@XRMultiverse @crush3ddd @ranguitar @aasifferdous @PPathole @elonmusk The supply chain issues are nothing new, he's been managing that.  Stocks went down due to speculation that he would dump 40 billion of Tesla stocks into the market."
Here You Need To Make Tesla Hydro Surf Boards To Go With The Tesla VW Camper Vans Self Diving So You Can Make Love To Your Girl Friend In The Back It Dives You To Your Favorite Surf Spot AAAAAYAAAA !!! Tesla Rules !!!,Here You Need To Make Tesla Hydro Surf Boards To Go With The Tesla VW Camper Vans Self Diving So You Can Make Love To Your Girl Friend In The Back It Dives You To Your Favorite Surf Spot AYA !!! Tesla Rules !!!
A comienzos del siglo VIII y debido al empuje del islam el estado visigodo entró en crisis. Muchos de sus habitantes huyeron hacia el norte para buscar refugio tras el casi infranqueable cinturón montañoso formado por La Tesla y los Obarenes.  https://t.co/GSeRLe4dsH,A comienzos del siglo VI y debido al empuje del islam el estado visigodo entró en crisis. Muchos de sus habitantes huyeron hacia el norte para buscar refugio tras el casi infranqueable cinturón montañoso formado por La Tesla y los Obarenes.  https://t.co/GSeRLe4dsH
"@_rafaspa @rrrraul_ @beatrriizz_7 @hugoraher tus argumentos se repiten mas que los de un tartamudo, yo me pensaba que hacer, podrias ir con tu tesla al medico","@_rafaspa @rrrraul_ @beatrriizz_7 @hugoraher tus argumentos se repiten mas que los de un tartamudo, yo me pensaba que hacer, podrias ir con tu tesla al medico"
"-Jel ovom Tesli danas rođendan??? -Jesteeee… -Eeee neka vam je živ i zdrav, kuronja vaš mili… i pazite da ga NOLE ne zaseni. -..bo vas Tesla!","-Jel ovom Tesli danas rođendan??? -jeste… -ee neka vam je živ i zdrav, kuronja vaš mili… i pazite da ga NOLE ne zaseni. -..bo vas Tesla!"
"@ooonana12 @Dragance22 Jesam, tako je zovem jer se na jednom prelepom jeziku tako naziva žena koja ti kupi Porsche 911 (serije 992) Targa 4S, Tesla model 3, BMW R18 i GS1250. Koja mi daje veliki džeparac i još me prilmila u stan koji je 100 metara od plaže. Čak me vodila u Argentinu, USA i Egipat.","@ooonana12 @Dragance22 Jesam, tako je zovem jer se na jednom prelepom jeziku tako naziva žena koja ti kupi Porsche 911 (serije 992) Targa 4S, Tesla model 3, BMW R18 i GS1250. Koja mi daje veliki džeparac i još me prilmila u stan koji je 100 metara od plaže. Čak me vodila u Argentinu, USA i Egipat."
"Unresolved problems: How to jump start a discharged Tesla? AAA or #Tesla charging service cars, coming to charge your electric car, do not exist. $TSLA #EV","Unresolved problems: How to jump start a discharged Tesla? A or #Tesla charging service cars, coming to charge your electric car, do not exist. $TSLA #EV"
@masegoslin @ROTANGll @Tesla @elonmusk @LucidMotors @Tesla2Lucid Naaaaaooo!  https://t.co/83fBPnoM23,@masegoslin @ROTANGll @Tesla @elonmusk @LucidMotors @Tesla2Lucid Nao!  https://t.co/83fBPnoM23
"@OLD_DOGGG @elonmusk Better question is why is Lauren spreading an old stories from 2019?  And the ""Tesla stopped paying"" claim turned out to be false:  ""We have received information that there was an alleged accounting error made on the part of the station landlord.""   https://t.co/VhUWuXhoJ0  https://t.co/bwg9eFJ7ID","@OLD_DOGGG @elonmusk Better question is why is Lauren spreading an old stories from 2019?  And the ""Tesla stopped paying"" claim turned out to be false:  ""We have received information that there was an alleged accounting error made on the part of the station landlord.""   https://t.co/VhUWuXhoJ0  https://t.co/bwg9eFJ7ID"
"When It Comes to Twitter, I'd Rather Trade Tesla  https://t.co/0tpSZKk9pZ | $TSLA $FB $QQQ $NDX $VIX $UAL $SPX $AAL $RCL $DWAC $STEM $AHT $AAPL $DAL $PENN $LUV $F $MULN $ING $GLE $SAVE $DKNG $JETS $NIO $CZR $JBLU $CCL $NCLH $LCID $ULCC $MGM  $BYD $GME $SPY  #DAX30 #CAC40","When It Comes to Twitter, I'd Rather Trade Tesla  https://t.co/0tpSZKk9pZ | $TSLA $FB $QQQ $NDX $VIX $UAL $SPX $AAL $RCL $DWAC $STEM $AHT $AAPL $DAL $PENN $LUV $F $MULN $ING $GLE $SAVE $DKNG $JETS $NIO $CZR $JBLU $CCL $NCLH $LCID $ULCC $MGM  $BYD $GME $SPY  #DAX30 #CAC40"
@donski81539744 @JeffBaums @OccamsComb @blinkist Doesn’t matter. That’s were investors come in. They created Tesla foooool. Tesla motors was founded in 2003. Elon musk was not part of Tesla in 2003. Facts don’t care about the asssss licking you do in Elon. An Investor 7 months later is not a founder 🤡,@donski81539744 @JeffBaums @OccamsComb @blinkist Doesn’t matter. That’s were investors come in. They created Tesla fool. Tesla motors was founded in 2003. Elon musk was not part of Tesla in 2003. Facts don’t care about the as licking you do in Elon. An Investor 7 months later is not a founder 🤡
"Pero si ha sido al revés XDDDDD que le tocó perder parte de Tesla para ""comprar"" Twitter estáis malitos","Pero si ha sido al revés XD que le tocó perder parte de Tesla para ""comprar"" Twitter estáis malitos"
@elonmusk @GailAlfarATX @Tesla @teslacn @TeslaOwnersEBay @blueskykites @Kristennetten @JenniCurrent @daelmor @IheartTesla @EvrybodynthrMom you need more workers admit it xDDDDDD,@elonmusk @GailAlfarATX @Tesla @teslacn @TeslaOwnersEBay @blueskykites @Kristennetten @JenniCurrent @daelmor @IheartTesla @EvrybodynthrMom you need more workers admit it xd
@billyyyyy__ @__PTAH @SugaSeanMMA @elonmusk @Tesla Looks like it 🤣,@billyyyyy__ @__PTAH @SugaSeanMMA @elonmusk @Tesla Looks like it 🤣
"@Elias_Parada_S Es broma lo que dices cierto???!! Porque si no sabias, los GRANDES INNOVADORES, son independientes, pregúntale a Elon Musk,Bill Gates o grandes de la historia Tesla, Edison, Graham Bell, pffff y la lista sigue y suma. Que weona mas rídicula. #ComunistasIgnorantes","@Elias_Parada_S Es broma lo que dices cierto???!! Porque si no sabias, los GRANDES INNOVADORES, son independientes, pregúntale a Elon Musk,Bill Gates o grandes de la historia Tesla, Edison, Graham Bell, pf y la lista sigue y suma. Que weona mas rídicula. #ComunistasIgnorantes"
@louv3nar heyyyyyy;))) bites lip leans in my tesla,@louv3nar hey;))) bites lip leans in my tesla
"@Tom_coool @SerbiaBased @trbltrbl1 Cool, for now you just parroting media.  kosovo and Metohija is region of Serbia, Serbia can't invade themselves like Germany cant invade Bavaria.  Bosnia had almost 50% Serbs prior war who take fight.  Croatia expelled Serbs, no any invasion.  You stated Tesla in Fascist Serbia","@Tom_coool @SerbiaBased @trbltrbl1 Cool, for now you just parroting media.  kosovo and Metohija is region of Serbia, Serbia can't invade themselves like Germany cant invade Bavaria.  Bosnia had almost 50% Serbs prior war who take fight.  Croatia expelled Serbs, no any invasion.  You stated Tesla in Fascist Serbia"
IF my Tesla runs out of juice in Podunk 0klahoma AND I don't have the 0ptional gas generator in the boot - can I call AAA to bring me some electricity in a can ?,IF my Tesla runs out of juice in Podunk 0klahoma AND I don't have the 0ptional gas generator in the boot - can I call A to bring me some electricity in a can ?
"@Rosa_Torrens2 Buenos días Rosa! Tampoco es que entre mucho por estos lares. Pero ya sabes, de han cabreao con Elon, vaya Tesla! Naaaa, calor nada, sigo tapándome con manta lanera en la siesta, 36° no son ná p'a uno de norte. O si?😁😁","@Rosa_Torrens2 Buenos días Rosa! Tampoco es que entre mucho por estos lares. Pero ya sabes, de han cabreao con Elon, vaya Tesla! Na, calor nada, sigo tapándome con manta lanera en la siesta, 36° no son ná p'a uno de norte. O si?😁😁"
@skovmand Hmmm har lige købt lidt op i Tesla. Altid spændende. God ferie.,@skovmand Hmm har lige købt lidt op i Tesla. Altid spændende. God ferie.
"@cstross @pseupseudio Yet: perhaps, in order to make a ""green move"" in shipping we ought to first reduce the stuff we ship.  Then use alternative methods of shipping. I don't, in Sweden, need to buy a Shanghai Tesla (not that I'd buy a Tesla *brrr*) when there's a Berlin Tesla.","@cstross @pseupseudio Yet: perhaps, in order to make a ""green move"" in shipping we ought to first reduce the stuff we ship.  Then use alternative methods of shipping. I don't, in Sweden, need to buy a Shanghai Tesla (not that I'd buy a Tesla *br*) when there's a Berlin Tesla."
@newspads @Tesla @WhiteHouse @POTUS Uh. It takes 15 minutes to get to 80% charge (about 200 miles). I don’t think I’ve spent more than 30 minutes at any one public charger. Sooo why would someone leave their car at a public charger for 8 hours?  #antiEVpropaganda,@newspads @Tesla @WhiteHouse @POTUS Uh. It takes 15 minutes to get to 80% charge (about 200 miles). I don’t think I’ve spent more than 30 minutes at any one public charger. So why would someone leave their car at a public charger for 8 hours?  #antiEVpropaganda
"@DimaZeniuk @Tesla @elonmusk But the problem is the price it’s toooo expensive ,  the rich people can buy these Cars only ?.. please do something for the poor people ? ..!!..","@DimaZeniuk @Tesla @elonmusk But the problem is the price it’s to expensive ,  the rich people can buy these Cars only ?.. please do something for the poor people ? ..!!.."
@zulnajmiii Dah cakap mi beli tesla boleh auto drive 🤣🤣,@zulnajmiii Dah cakap mi beli tesla boleh auto drive 🤣🤣
"PART 2      10/7/22 🗝♾⚡️HAPPY BIRTHDAY ❤️⚡️💫 DEAR HERQQQ   ⚡️✨NICOLAS TESLA💫⚡️  YOU HAVE NOT ONLY FOUND THE KEY TO THE UNIVERSE, YOUR INNOVATIONS, WHICH SILENCED YOU BY THE DARK FORCES -  Yours sincerely  @SpaceForceGalacticFederation  https://t.co/ib4zs9Zxov  https://t.co/T7w4qECCwJ","PART 2      10/7/22 🗝♾⚡️HAPPY BIRTHDAY ❤️⚡️💫 DEAR HERQQQ   ⚡️✨NICOLAS TESLA💫⚡️  YOU HAVE NOT ONLY FOUND THE KEY TO THE UNIVERSE, YOUR INNOVATIONS, WHICH SILENCED YOU BY THE DARK FORCES -  Yours sincerely  @SpaceForceGalacticFederation  https://t.co/ib4zs9Zxov  https://t.co/T7w4qECCwJ"
"@1LoafOfMeat @EvaFoxU @ToscaMusk Hmmm weird. I recall a lot of congress democrats proposing to tax him 100%, inrecall a sitting president refusing to acknowledge tesla as the us leader in ev manufacturing, i recall nasa lately avoiding spacex for their missions, i can go on an on.","@1LoafOfMeat @EvaFoxU @ToscaMusk Hmm weird. I recall a lot of congress democrats proposing to tax him 100%, inrecall a sitting president refusing to acknowledge tesla as the us leader in ev manufacturing, i recall nasa lately avoiding spacex for their missions, i can go on an on."
TESLA DU MAAAAA  https://t.co/w9WpgJSG8g,TESLA DU MA  https://t.co/w9WpgJSG8g
@elonmusk @GailAlfarATX @Tesla @teslacn @TeslaOwnersEBay @blueskykites @Kristennetten @JenniCurrent @daelmor @IheartTesla @EvrybodynthrMom Yesss.....,@elonmusk @GailAlfarATX @Tesla @teslacn @TeslaOwnersEBay @blueskykites @Kristennetten @JenniCurrent @daelmor @IheartTesla @EvrybodynthrMom Yes.....
@Teslaconomics ooooh I like $TSLA and Tesla even.  Already have a full time job but what did you need doing?,@Teslaconomics oh I like $TSLA and Tesla even.  Already have a full time job but what did you need doing?
@TESLA_CREADOR Luceroooo,@TESLA_CREADOR Lucero
"@VVVStockAnalyst Let him start EV biz, then see how he overtakes Tesla","@VVVStockAnalyst Let him start EV biz, then see how he overtakes Tesla"
"TWİTTER HİSSELERİNE ELON MUSK DARBESİ    📝 Twitter'ın hisseleri, Tesla ve SpaceX'in Üst Yöneticisi Elon Musk'ın 44 milyar dolarlık satın alma anlaşmasını feshetmesi sonrası haftanın ilk işlem gününde,  yüzde 8'in üzerinde değer kaybederek 33,86 dolara geriledi.  https://t.co/nLLLAi8SK2","TWİTTER HİSSELERİNE ELON MUSK DARBESİ    📝 Twitter'ın hisseleri, Tesla ve SpaceX'in Üst Yöneticisi Elon Musk'ın 44 milyar dolarlık satın alma anlaşmasını feshetmesi sonrası haftanın ilk işlem gününde,  yüzde 8'in üzerinde değer kaybederek 33,86 dolara geriledi.  https://t.co/nLLLAi8SK2"
"@anivotas AURGHHH, BUDDY.... SAME 😭💔  I can't rely on the All sections too much cuz it's mostly gonna be filled with people's favs (which is fair and valid. I have my triple 10 Black Grail Max Fou'd bond 11 Tesla there 👍)","@anivotas AURGHHH, BUDDY.... SAME 😭💔  I can't rely on the All sections too much cuz it's mostly gonna be filled with people's favs (which is fair and valid. I have my triple 10 Black Grail Max Fou'd bond 11 Tesla there 👍)"
"@squawksquare Are you on coke? Tesla is  NOOOOOOOOOOOOOOOOOOOOOOOOOOOOOOOOOOOOOOOOOOOOOOOOOOOOOOOOOOOOOOOOOOOOOOOOOOOOOOOOOOOOOOOOOOOOOOOOOOOOOOOOOOOOOOOOOOOOOOOOOOOOOOOOOOOOOOOOOOOOOOOOOOOOOOOOOOOOOOOOOOOOOOOOOOOOOOOOOOOOOOOOOOOOOOOOOOOOT   ""Big Tech""   Stop this bullshit please!","@squawksquare Are you on coke? Tesla is  NOT   ""Big Tech""   Stop this bullshit please!"
"Wenn man früher #UBER kritisierst hat, waren die Trollarmeen und Konsumzombies im www auch rasch zu Stelle (wie bei #Tesla) . Zugegeben: Jetzt ist es eh ruhiger geworden um den Fahrdienstleister.   https://t.co/2zoZ3QvHE9","Wenn man früher #UBER kritisierst hat, waren die Trollarmeen und Konsumzombies im w auch rasch zu Stelle (wie bei #Tesla) . Zugegeben: Jetzt ist es eh ruhiger geworden um den Fahrdienstleister.   https://t.co/2zoZ3QvHE9"
"@LennartZHH @fluelimat „Selbst wenn man aus den New Energy Vehicles (NEV) die Hybrid- und Wasserstofffahrzeuge herausrechnet, reicht es für Tesla nicht.“","@LennartZHH @fluelimat „Selbst wenn man aus den New Energy Vehicles (NEV) die Hybrid- und Wasserstofffahrzeuge herausrechnet, reicht es für Tesla nicht.“"
@opiniongooo @Teslarati @13ericralph31 @elonmusk @Tesla  https://t.co/iVo8klvICT,@opiniongooo @Teslarati @13ericralph31 @elonmusk @Tesla  https://t.co/iVo8klvICT
@weruncrypto @Tesla Nuthinnn,@weruncrypto @Tesla Nuthin
@Falconwingsnj @Tesla sweeeeet!,@Falconwingsnj @Tesla sweet!
@MrNobuSimp NGHHHH TRUE 💔 PLEASE LEMME SEE MERLIN AGAIN. I NEED TO SEE TESLA DO DUMMY THICC DAMAGE AGAIN 😔😫,@MrNobuSimp NGH TRUE 💔 PLEASE LEMME SEE MERLIN AGAIN. I NEED TO SEE TESLA DO DUMMY THICC DAMAGE AGAIN 😔😫
I dont think one day i will see Tesla in mozambique...hufffffffffffff,I dont think one day i will see Tesla in mozambique...huff
"@mark24227825 @ThumbarseHuber @The_GhettoOprah @business Errr, the Tesla fell apart. Why would you assume I have anything to do with Biden? You don’t have to politicise one car not being what it’s claimed to be.","@mark24227825 @ThumbarseHuber @The_GhettoOprah @business Er, the Tesla fell apart. Why would you assume I have anything to do with Biden? You don’t have to politicise one car not being what it’s claimed to be."
@Tom_coool @SerbiaBased @trbltrbl1 Tesla didnt lived in 21c  He goes to USA in start of 20c  You said Tesla better go away from Fascist Serbia.  Please show me how that time Serbia is Fascist,@Tom_coool @SerbiaBased @trbltrbl1 Tesla didnt lived in 21c  He goes to USA in start of 20c  You said Tesla better go away from Fascist Serbia.  Please show me how that time Serbia is Fascist
@tesla_fwia 裏切り者に用はないから死んでしまえ(๑o̴̶̷̥᷅﹏o̴̶̷̥᷅๑)mwww,@tesla_fwia 裏切り者に用はないから死んでしまえ(๑o̴̶̷̥᷅﹏o̴̶̷̥᷅๑)mwww
@iltalehti_fi @SirToivonen pääsi Tesla Björnin kanssa lähes samaan kulutukseen. Ouuuhh shiiiitt.😀,@iltalehti_fi @SirToivonen pääsi Tesla Björnin kanssa lähes samaan kulutukseen. Ouuuhh shitt.😀
@Maks_Tesla Nyaaaaaaaaaaaaaaaaaaaaaaaaaaaaaaaaa,@Maks_Tesla Nya
@tesla_fwia うちのだよばーーーか！！！！WWWW お前はフォロバも貰えないんだ！やーいやーい！WWWWW  (๑o̴̶̷̥᷅﹏o̴̶̷̥᷅๑)…フォローはきたか？,@tesla_fwia うちのだよばーーーか！！！！WWWW お前はフォロバも貰えないんだ！やーいやーい！WWWWW  (๑o̴̶̷̥᷅﹏o̴̶̷̥᷅๑)…フォローはきたか？
@ThrashpandaAD FUUUUCK NOOOO I miss this game SO BAD  Making a hexi-mortar tesla launcher and just fucking yeeting shock bolts over plataeus was PEAK fun,@ThrashpandaAD FUCK NO I miss this game SO BAD  Making a hexi-mortar tesla launcher and just fucking yeeting shock bolts over plataeus was PEAK fun
@nycandre @elonmusk @GailAlfarATX @Tesla @teslacn @TeslaOwnersEBay @blueskykites @Kristennetten @JenniCurrent @daelmor @IheartTesla @EvrybodynthrMom Shhh don't take this away from us.,@nycandre @elonmusk @GailAlfarATX @Tesla @teslacn @TeslaOwnersEBay @blueskykites @Kristennetten @JenniCurrent @daelmor @IheartTesla @EvrybodynthrMom Sh don't take this away from us.
@beee3_B @elonmusk @GailAlfarATX @Tesla @teslacn @TeslaOwnersEBay @blueskykites @Kristennetten @JenniCurrent @daelmor @IheartTesla @EvrybodynthrMom Say cheese!😁,@beee3_B @elonmusk @GailAlfarATX @Tesla @teslacn @TeslaOwnersEBay @blueskykites @Kristennetten @JenniCurrent @daelmor @IheartTesla @EvrybodynthrMom Say cheese!😁
@CTVNews @elonmusk @Tesla @Twitter Plan only false facts. Musk was making everything up for many months. #ElonMuskNazi #ElonMuskProblems #BOYCOTTTESLA,@CTVNews @elonmusk @Tesla @Twitter Plan only false facts. Musk was making everything up for many months. #ElonMuskNazi #ElonMuskProblems #BOYCOTTTESLA
Vê um tesla model X vindo de Ipatinga e entrando no limoeiro QUE CARRO LINDO DA PORRAAA,Vê um tesla model X vindo de Ipatinga e entrando no limoeiro QUE CARRO LINDO DA PORRA
"You got to be reeeeal fucking stupid to actually think Elon didn’t buy it because the bots and wow are a lot of people stupid, he didn’t buy it because if he even dared to allow the tweet showing the riots in china today Chinese Tesla would get fucked and Teslas stock would crash","You got to be real fucking stupid to actually think Elon didn’t buy it because the bots and wow are a lot of people stupid, he didn’t buy it because if he even dared to allow the tweet showing the riots in china today Chinese Tesla would get fucked and Teslas stock would crash"
@stephgulley @beepmbop @RickMcIntosh16 @greg16676935420 @elonmusk  https://t.co/kB9n9FTB4E   https://www.fool. com/investing/2022/03/26/demand-for-tesla-vehicles-is-through-the-roof/,@stephgulley @beepmbop @RickMcIntosh16 @greg16676935420 @elonmusk  https://t.co/kB9n9FTB4E   https://www.fool. com/investing/2022/03/26/demand-for-tesla-vehicles-is-through-the-roof/
@profgalloway @BillWeirCNN @elonmusk has never cared about free speech when he blocks people in @Tesla from speaking their minds on a blog. I'm glad that Musk isn't getting @Twitter cause he would've done the same thing to employees on the platform. #ElonMuskNazi #ElonMuskProblems #BOYCOTTTESLA,@profgalloway @BillWeirCNN @elonmusk has never cared about free speech when he blocks people in @Tesla from speaking their minds on a blog. I'm glad that Musk isn't getting @Twitter cause he would've done the same thing to employees on the platform. #ElonMuskNazi #ElonMuskProblems #BOYCOTTTESLA
"any possible way to integrate starlink and Tesla’s FSD architecture into one system, giving the FSD system a wider range of eyes?(satellite) #airdrop $MOOO  https://t.co/830Vl7sBZs","any possible way to integrate starlink and Tesla’s FSD architecture into one system, giving the FSD system a wider range of eyes?(satellite) #airdrop $MOOO  https://t.co/830Vl7sBZs"
@TeslaStars @DirtyTesLa @scottwww @Tesla @elonmusk Gallon is around 4 liters I think,@TeslaStars @DirtyTesLa @scottwww @Tesla @elonmusk Gallon is around 4 liters I think
Tesla (TSLA) call put ratio steady at 1 to 1: Visit  https://t.co/x7iRfrcSte at  https://t.co/ZLcGrCCsCi for the full story. $SPX $SPY $QQQ #news #stocks #stockmarketnews,Tesla (TSLA) call put ratio steady at 1 to 1: Visit  https://t.co/x7iRfrcSte at  https://t.co/ZLcGrCCsCi for the full story. $SPX $SPY $QQQ #news #stocks #stockmarketnews
@rrreshma_raj Tesla car add aanu,@rrreshma_raj Tesla car add aanu
"@Tom_coool @SerbiaBased @trbltrbl1 What, did you check any official data? 🤡  Again you avoid answering:  · how Serbia is Fascist, especially when Tesla goes to USA?  · where Tesla lived before goes to USA  🎉","@Tom_coool @SerbiaBased @trbltrbl1 What, did you check any official data? 🤡  Again you avoid answering:  · how Serbia is Fascist, especially when Tesla goes to USA?  · where Tesla lived before goes to USA  🎉"
@chefanieeee @reroutethe23 @ColumbusGov 1. Tesla in convention center 2. Tattoo parlor on High 3. Haveli bldg #1 4. Thompson Rec center park 5. Residential bldg on 5th 6. Haveli #2,@chefanieeee @reroutethe23 @ColumbusGov 1. Tesla in convention center 2. Tattoo parlor on High 3. Haveli bldg #1 4. Thompson Rec center park 5. Residential bldg on 5th 6. Haveli #2
@LongVollllll @sbarnettARK @John_Hempton @CathieDWood his firm wouldn't be here without coordinate fraud i.e. Archegos Capital and Tesla,@LongVollllll @sbarnettARK @John_Hempton @CathieDWood his firm wouldn't be here without coordinate fraud i.e. Archegos Capital and Tesla
I feel pity for those who have Elon musk's notifs on coz one minute biaaa Tesla and space nam mu 😂,I feel pity for those who have Elon musk's notifs on coz one minute bia Tesla and space nam mu 😂
"Bangkeeee, ini anda sudah kerja di tesla napa dtng ke startup gue asuuuu, udh belok bgt lagi s1 sama s2 dan job skrng, ngasal bgt asuuu","Bangkeeee, ini anda sudah kerja di tesla napa dtng ke startup gue asu, udh belok bgt lagi s1 sama s2 dan job skrng, ngasal bgt asu"
@and_tesla www,@and_tesla w
"@Tom_coool @SerbiaBased @trbltrbl1 Go go go. When Tesla lived in Serbia? 🤣 How Serbia at these time was Fashist? Where actually lived Tesla prior going to USA?  Tell me, i know you are smart guy 🤡  https://t.co/EcwwY5bJU8","@Tom_coool @SerbiaBased @trbltrbl1 Go go go. When Tesla lived in Serbia? 🤣 How Serbia at these time was Fashist? Where actually lived Tesla prior going to USA?  Tell me, i know you are smart guy 🤡  https://t.co/EcwwY5bJU8"
@elonmusk Uhhh…. Where can we get answers to Tesla issues?,@elonmusk Uh…. Where can we get answers to Tesla issues?
"@TeslaStars @DirtyTesLa @scottwww @Tesla @elonmusk Funny thing is, they’re using the metric system already. They just don’t admit it.  1mi = 1’609.344m 1gal = 3.685 L  https://t.co/s7aYNlaqA3","@TeslaStars @DirtyTesLa @scottwww @Tesla @elonmusk Funny thing is, they’re using the metric system already. They just don’t admit it.  1mi = 1’609.344m 1gal = 3.685 L  https://t.co/s7aYNlaqA3"
"@shitzgetnreal @profgalloway @elonmusk crypto bros 🤝 tesla fanboys   “no broo don’t criticise it bro, you just don’t get it brooooo”","@shitzgetnreal @profgalloway @elonmusk crypto bros 🤝 tesla fanboys   “no broo don’t criticise it bro, you just don’t get it bro”"
"@ceno02 @superraxxo1 @TeamYouTube ""Tesla Company"" wowwww so original, sasuga Crypto Bros","@ceno02 @superraxxo1 @TeamYouTube ""Tesla Company"" wow so original, sasuga Crypto Bros"
"As @elonmusk attempts to abandon his bid for $TWTR, don’t miss the latest expert commentary and what it might mean for Tesla’s stock…  $TSLA $SPY $QQQ $TLT $META  More:  https://t.co/KkJsJPQIg5  https://t.co/t7onOLXv41","As @elonmusk attempts to abandon his bid for $TWTR, don’t miss the latest expert commentary and what it might mean for Tesla’s stock…  $TSLA $SPY $QQQ $TLT $META  More:  https://t.co/KkJsJPQIg5  https://t.co/t7onOLXv41"
@TESLA_no_TUNO もはや怖いですww なっちゃんも圧をかけてくる方がいて選びましたwww  https://t.co/HRvDpvPuaK,@TESLA_no_TUNO もはや怖いですww なっちゃんも圧をかけてくる方がいて選びましたwww  https://t.co/HRvDpvPuaK
