post_id,tweet,tweet_tokenizer,spacy,nltk_word_tokenize
1,"#ICYMI  #Vibes To Ease You Back Into The #Work Week! Join Me In The Latest #Liveone #HIPHOP #RnB Countdown...U Pick Em, I Play Em @liveone   Listen On The Job, On The Go...In Ya @Tesla  ▶️ https://t.co/xLTr3ndbDM  https://t.co/cbYgGKVetn","['#ICYMI', '#Vibes', 'To', 'Ease', 'You', 'Back', 'Into', 'The', '#Work', 'Week', '!', 'Join', 'Me', 'In', 'The', 'Latest', '#Liveone', '#HIPHOP', '#RnB', 'Countdown', '...', 'U', 'Pick', 'Em', ',', 'I', 'Play', 'Em', '@liveone', 'Listen', 'On', 'The', 'Job', ',', 'On', 'The', 'Go', '...', 'In', 'Ya', '@Tesla', '▶', '️', 'https://t.co/xLTr3ndbDM', 'https://t.co/cbYgGKVetn']","['#', 'ICYMI', ' ', '#', 'Vibes', 'To', 'Ease', 'You', 'Back', 'Into', 'The', '#', 'Work', 'Week', '!', 'Join', 'Me', 'In', 'The', 'Latest', '#', 'Liveone', '#', 'HIPHOP', '#', 'RnB', 'Countdown', '...', 'U', 'Pick', 'Em', ',', 'I', 'Play', 'Em', '@liveone', '  ', 'Listen', 'On', 'The', 'Job', ',', 'On', 'The', 'Go', '...', 'In', 'Ya', '@Tesla', ' ', '▶', '️', 'https://t.co/xLTr3ndbDM', ' ', 'https://t.co/cbYgGKVetn']","['#', 'ICYMI', '#', 'Vibes', 'To', 'Ease', 'You', 'Back', 'Into', 'The', '#', 'Work', 'Week', '!', 'Join', 'Me', 'In', 'The', 'Latest', '#', 'Liveone', '#', 'HIPHOP', '#', 'RnB', 'Countdown', '...', 'U', 'Pick', 'Em', ',', 'I', 'Play', 'Em', '@', 'liveone', 'Listen', 'On', 'The', 'Job', ',', 'On', 'The', 'Go', '...', 'In', 'Ya', '@', 'Tesla', '▶️', 'https', ':', '//t.co/xLTr3ndbDM', 'https', ':', '//t.co/cbYgGKVetn']"
2,@rovercrc #btc I guess it will go higher this week maybe 70k lol 😆 @cryptocom $tesla #BNB #Bitcoin  https://t.co/H4ivHAJac2,"['@rovercrc', '#btc', 'I', 'guess', 'it', 'will', 'go', 'higher', 'this', 'week', 'maybe', '70k', 'lol', '😆', '@cryptocom', '$', 'tesla', '#BNB', '#Bitcoin', 'https://t.co/H4ivHAJac2']","['@rovercrc', '#', 'btc', 'I', 'guess', 'it', 'will', 'go', 'higher', 'this', 'week', 'maybe', '70k', 'lol', '😆', '@cryptocom', '$', 'tesla', '#', 'BNB', '#', 'Bitcoin', ' ', 'https://t.co/H4ivHAJac2']","['@', 'rovercrc', '#', 'btc', 'I', 'guess', 'it', 'will', 'go', 'higher', 'this', 'week', 'maybe', '70k', 'lol', '😆', '@', 'cryptocom', '$', 'tesla', '#', 'BNB', '#', 'Bitcoin', 'https', ':', '//t.co/H4ivHAJac2']"
3,I'm without glasses so I cannot see if he had a Tesla logo... lol 😆 🤣 😂  I'm very happy he played chess. #chess @FIDE_chess @USChess  https://t.co/hWUrAqttlZ,"[""I'm"", 'without', 'glasses', 'so', 'I', 'cannot', 'see', 'if', 'he', 'had', 'a', 'Tesla', 'logo', '...', 'lol', '😆', '🤣', '😂', ""I'm"", 'very', 'happy', 'he', 'played', 'chess', '.', '#chess', '@FIDE_chess', '@USChess', 'https://t.co/hWUrAqttlZ']","['I', ""'m"", 'without', 'glasses', 'so', 'I', 'can', 'not', 'see', 'if', 'he', 'had', 'a', 'Tesla', 'logo', '...', 'lol', '😆', '🤣', '😂', ' ', 'I', ""'m"", 'very', 'happy', 'he', 'played', 'chess', '.', '#', 'chess', '@FIDE_chess', '@USChess', ' ', 'https://t.co/hWUrAqttlZ']","['I', ""'m"", 'without', 'glasses', 'so', 'I', 'can', 'not', 'see', 'if', 'he', 'had', 'a', 'Tesla', 'logo', '...', 'lol', '😆', '🤣', '😂', 'I', ""'m"", 'very', 'happy', 'he', 'played', 'chess', '.', '#', 'chess', '@', 'FIDE_chess', '@', 'USChess', 'https', ':', '//t.co/hWUrAqttlZ']"
4,@VoltInuOfficial My entry  $volt #volt #voltinu  Nikola Tesla beats Thomas Edison in creating the most powerful source of electricity ⚡️  https://t.co/KWoXJXj4n6,"['@VoltInuOfficial', 'My', 'entry', '$', 'volt', '#volt', '#voltinu', 'Nikola', 'Tesla', 'beats', 'Thomas', 'Edison', 'in', 'creating', 'the', 'most', 'powerful', 'source', 'of', 'electricity', '⚡', '️', 'https://t.co/KWoXJXj4n6']","['@VoltInuOfficial', 'My', 'entry', ' ', '$', 'volt', '#', 'volt', '#', 'voltinu', ' ', 'Nikola', 'Tesla', 'beats', 'Thomas', 'Edison', 'in', 'creating', 'the', 'most', 'powerful', 'source', 'of', 'electricity', '⚡', '️', ' ', 'https://t.co/KWoXJXj4n6']","['@', 'VoltInuOfficial', 'My', 'entry', '$', 'volt', '#', 'volt', '#', 'voltinu', 'Nikola', 'Tesla', 'beats', 'Thomas', 'Edison', 'in', 'creating', 'the', 'most', 'powerful', 'source', 'of', 'electricity', '⚡️', 'https', ':', '//t.co/KWoXJXj4n6']"
5,"@socratesxoxo @thefarcentrist @ThomasMoneyhon @coldgamecrispy @TheAlexisKraft @elonmusk ""He also paid off his debt unlike u did""  Boy, you're just full of your ASSuming self aren't you. 🤭  So the 2 ..3 guys that started Tesla 'were not revolutionizing' the electric car industry  🤦‍♀️  Show me my ""misinformation""  I've attached a few of yours  ...  https://t.co/39IFmDq79y","['@socratesxoxo', '@thefarcentrist', '@ThomasMoneyhon', '@coldgamecrispy', '@TheAlexisKraft', '@elonmusk', '""', 'He', 'also', 'paid', 'off', 'his', 'debt', 'unlike', 'u', 'did', '""', 'Boy', ',', ""you're"", 'just', 'full', 'of', 'your', 'ASSuming', 'self', ""aren't"", 'you', '.', '🤭', 'So', 'the', '2', '..', '3', 'guys', 'that', 'started', 'Tesla', ""'"", 'were', 'not', 'revolutionizing', ""'"", 'the', 'electric', 'car', 'industry', '🤦\u200d♀', '️', 'Show', 'me', 'my', '""', 'misinformation', '""', ""I've"", 'attached', 'a', 'few', 'of', 'yours', '...', 'https://t.co/39IFmDq79y']","['@socratesxoxo', '@thefarcentrist', '@ThomasMoneyhon', '@coldgamecrispy', '@TheAlexisKraft', '@elonmusk', '""', 'He', 'also', 'paid', 'off', 'his', 'debt', 'unlike', 'u', 'did', '""', ' ', 'Boy', ',', 'you', ""'re"", 'just', 'full', 'of', 'your', 'ASSuming', 'self', 'are', ""n't"", 'you', '.', '🤭', ' ', 'So', 'the', '2', '..', '3', 'guys', 'that', 'started', 'Tesla', ""'"", 'were', 'not', 'revolutionizing', ""'"", 'the', 'electric', 'car', 'industry', ' ', '🤦', '\u200d', '♀', '️', ' ', 'Show', 'me', 'my', '""', 'misinformation', '""', ' ', 'I', ""'ve"", 'attached', 'a', 'few', 'of', 'yours', ' ', '...', ' ', 'https://t.co/39IFmDq79y']","['@', 'socratesxoxo', '@', 'thefarcentrist', '@', 'ThomasMoneyhon', '@', 'coldgamecrispy', '@', 'TheAlexisKraft', '@', 'elonmusk', '``', 'He', 'also', 'paid', 'off', 'his', 'debt', 'unlike', 'u', 'did', ""''"", 'Boy', ',', 'you', ""'re"", 'just', 'full', 'of', 'your', 'ASSuming', 'self', 'are', ""n't"", 'you', '.', '🤭', 'So', 'the', '2', '..', '3', 'guys', 'that', 'started', 'Tesla', ""'"", 'were', 'not', 'revolutionizing', ""'"", 'the', 'electric', 'car', 'industry', '🤦\u200d♀️', 'Show', 'me', 'my', '``', 'misinformation', ""''"", 'I', ""'ve"", 'attached', 'a', 'few', 'of', 'yours', '...', 'https', ':', '//t.co/39IFmDq79y']"
6,Want to charge ⚡️your non-@tesla at a public Supercharger site? Fancy some of Elon's electrons? @Nickishields takes you through the whole process...  See the full video and other charging guides:  https://t.co/RSpqLajjjd #tesla #supercharging  https://t.co/fKj9kmySuB,"['Want', 'to', 'charge', '⚡', '️your', 'non', '-', '@tesla', 'at', 'a', 'public', 'Supercharger', 'site', '?', 'Fancy', 'some', 'of', ""Elon's"", 'electrons', '?', '@Nickishields', 'takes', 'you', 'through', 'the', 'whole', 'process', '...', 'See', 'the', 'full', 'video', 'and', 'other', 'charging', 'guides', ':', 'https://t.co/RSpqLajjjd', '#tesla', '#supercharging', 'https://t.co/fKj9kmySuB']","['Want', 'to', 'charge', '⚡', '️your', 'non-@tesla', 'at', 'a', 'public', 'Supercharger', 'site', '?', 'Fancy', 'some', 'of', 'Elon', ""'s"", 'electrons', '?', '@Nickishields', 'takes', 'you', 'through', 'the', 'whole', 'process', '...', ' ', 'See', 'the', 'full', 'video', 'and', 'other', 'charging', 'guides', ':', ' ', 'https://t.co/RSpqLajjjd', '#', 'tesla', '#', 'supercharging', ' ', 'https://t.co/fKj9kmySuB']","['Want', 'to', 'charge', '⚡️your', 'non-', '@', 'tesla', 'at', 'a', 'public', 'Supercharger', 'site', '?', 'Fancy', 'some', 'of', 'Elon', ""'s"", 'electrons', '?', '@', 'Nickishields', 'takes', 'you', 'through', 'the', 'whole', 'process', '...', 'See', 'the', 'full', 'video', 'and', 'other', 'charging', 'guides', ':', 'https', ':', '//t.co/RSpqLajjjd', '#', 'tesla', '#', 'supercharging', 'https', ':', '//t.co/fKj9kmySuB']"
7,"""The #nickel reserve in #Quebec can DOUBLE.""  Find out when @CampbellMccrary of #AMVESTCapital invites Tony Guo CEO of Nickel North $NNX.V  🗓 1:00pm EST Thurs July 14, 2022 #Join 👉  https://t.co/qoeqcRlZX7 #cleanenergy #battery $TSLA @Tesla @JulesInvest @Rivian @RivianChat  https://t.co/K6NKeAkweZ","['""', 'The', '#nickel', 'reserve', 'in', '#Quebec', 'can', 'DOUBLE', '.', '""', 'Find', 'out', 'when', '@CampbellMccrary', 'of', '#AMVESTCapital', 'invites', 'Tony', 'Guo', 'CEO', 'of', 'Nickel', 'North', '$', 'NNX', '.', 'V', '🗓', '1:00', 'pm', 'EST', 'Thurs', 'July', '14', ',', '2022', '#Join', '👉', 'https://t.co/qoeqcRlZX7', '#cleanenergy', '#battery', '$', 'TSLA', '@Tesla', '@JulesInvest', '@Rivian', '@RivianChat', 'https://t.co/K6NKeAkweZ']","['""', 'The', '#', 'nickel', 'reserve', 'in', '#', 'Quebec', 'can', 'DOUBLE', '.', '""', ' ', 'Find', 'out', 'when', '@CampbellMccrary', 'of', '#', 'AMVESTCapital', 'invites', 'Tony', 'Guo', 'CEO', 'of', 'Nickel', 'North', '$', 'NNX.V', ' ', '🗓', '1:00pm', 'EST', 'Thurs', 'July', '14', ',', '2022', '#', 'Join', '👉', ' ', 'https://t.co/qoeqcRlZX7', '#', 'cleanenergy', '#', 'battery', '$', 'TSLA', '@Tesla', '@JulesInvest', '@Rivian', '@RivianChat', ' ', 'https://t.co/K6NKeAkweZ']","['``', 'The', '#', 'nickel', 'reserve', 'in', '#', 'Quebec', 'can', 'DOUBLE', '.', ""''"", 'Find', 'out', 'when', '@', 'CampbellMccrary', 'of', '#', 'AMVESTCapital', 'invites', 'Tony', 'Guo', 'CEO', 'of', 'Nickel', 'North', '$', 'NNX.V', '🗓', '1:00pm', 'EST', 'Thurs', 'July', '14', ',', '2022', '#', 'Join', '👉', 'https', ':', '//t.co/qoeqcRlZX7', '#', 'cleanenergy', '#', 'battery', '$', 'TSLA', '@', 'Tesla', '@', 'JulesInvest', '@', 'Rivian', '@', 'RivianChat', 'https', ':', '//t.co/K6NKeAkweZ']"
8,Gotta be nice to your Tesla ‘s. 🤖on wheels. @elonmusk @WholeMarsBlog @teslaownersSV @TeslaDiva99 @TeslaJoy @28delayslater  https://t.co/TlRnIUxIb6,"['Gotta', 'be', 'nice', 'to', 'your', 'Tesla', '‘', 's', '.', '🤖', 'on', 'wheels', '.', '@elonmusk', '@WholeMarsBlog', '@teslaownersSV', '@TeslaDiva99', '@TeslaJoy', '@28delayslater', 'https://t.co/TlRnIUxIb6']","['Got', 'ta', 'be', 'nice', 'to', 'your', 'Tesla', '‘', 's.', '🤖', 'on', 'wheels', '.', '@elonmusk', '@WholeMarsBlog', '@teslaownersSV', '@TeslaDiva99', '@TeslaJoy', '@28delayslater', ' ', 'https://t.co/TlRnIUxIb6']","['Got', 'ta', 'be', 'nice', 'to', 'your', 'Tesla', '‘', 's', '.', '🤖on', 'wheels', '.', '@', 'elonmusk', '@', 'WholeMarsBlog', '@', 'teslaownersSV', '@', 'TeslaDiva99', '@', 'TeslaJoy', '@', '28delayslater', 'https', ':', '//t.co/TlRnIUxIb6']"
9,Modern day Nikola #Tesla 🤔🤔🤔 what do you think? 🔥🔥🔥 #ElonMusk @elonmusk #dogearmy #dogecoin  https://t.co/Fc2ZSBmRcG,"['Modern', 'day', 'Nikola', '#Tesla', '🤔', '🤔', '🤔', 'what', 'do', 'you', 'think', '?', '🔥', '🔥', '🔥', '#ElonMusk', '@elonmusk', '#dogearmy', '#dogecoin', 'https://t.co/Fc2ZSBmRcG']","['Modern', 'day', 'Nikola', '#', 'Tesla', '🤔', '🤔', '🤔', 'what', 'do', 'you', 'think', '?', '🔥', '🔥', '🔥', '#', 'ElonMusk', '@elonmusk', '#', 'dogearmy', '#', 'dogecoin', ' ', 'https://t.co/Fc2ZSBmRcG']","['Modern', 'day', 'Nikola', '#', 'Tesla', '🤔🤔🤔', 'what', 'do', 'you', 'think', '?', '🔥🔥🔥', '#', 'ElonMusk', '@', 'elonmusk', '#', 'dogearmy', '#', 'dogecoin', 'https', ':', '//t.co/Fc2ZSBmRcG']"
10,Day 4 of posting this meme until @elonmusk delivers the first refreshed Model S &amp; X in Europe. ⚡️ #Tesla $TSLA #TeslaModelS #TeslaModelX  https://t.co/TELpNeOXJK,"['Day', '4', 'of', 'posting', 'this', 'meme', 'until', '@elonmusk', 'delivers', 'the', 'first', 'refreshed', 'Model', 'S', '&', 'X', 'in', 'Europe', '.', '⚡', '️', '#Tesla', '$', 'TSLA', '#TeslaModelS', '#TeslaModelX', 'https://t.co/TELpNeOXJK']","['Day', '4', 'of', 'posting', 'this', 'meme', 'until', '@elonmusk', 'delivers', 'the', 'first', 'refreshed', 'Model', 'S', '&', 'amp', ';', 'X', 'in', 'Europe', '.', '⚡', '️', '#', 'Tesla', '$', 'TSLA', '#', 'TeslaModelS', '#', 'TeslaModelX', ' ', 'https://t.co/TELpNeOXJK']","['Day', '4', 'of', 'posting', 'this', 'meme', 'until', '@', 'elonmusk', 'delivers', 'the', 'first', 'refreshed', 'Model', 'S', '&', 'amp', ';', 'X', 'in', 'Europe', '.', '⚡️', '#', 'Tesla', '$', 'TSLA', '#', 'TeslaModelS', '#', 'TeslaModelX', 'https', ':', '//t.co/TELpNeOXJK']"
11,@elonmusk And say u wanna buy #twitter to be able to sell 8 billion worth of Tesla share and shove your losses in people’ hole… while you had no intention of buying it at first place. @elonmusk is a dangerous man❌,"['@elonmusk', 'And', 'say', 'u', 'wanna', 'buy', '#twitter', 'to', 'be', 'able', 'to', 'sell', '8', 'billion', 'worth', 'of', 'Tesla', 'share', 'and', 'shove', 'your', 'losses', 'in', 'people', '’', 'hole', '…', 'while', 'you', 'had', 'no', 'intention', 'of', 'buying', 'it', 'at', 'first', 'place', '.', '@elonmusk', 'is', 'a', 'dangerous', 'man', '❌']","['@elonmusk', 'And', 'say', 'u', 'wanna', 'buy', '#', 'twitter', 'to', 'be', 'able', 'to', 'sell', '8', 'billion', 'worth', 'of', 'Tesla', 'share', 'and', 'shove', 'your', 'losses', 'in', 'people', '’', 'hole', '…', 'while', 'you', 'had', 'no', 'intention', 'of', 'buying', 'it', 'at', 'first', 'place', '.', '@elonmusk', 'is', 'a', 'dangerous', 'man', '❌']","['@', 'elonmusk', 'And', 'say', 'u', 'wan', 'na', 'buy', '#', 'twitter', 'to', 'be', 'able', 'to', 'sell', '8', 'billion', 'worth', 'of', 'Tesla', 'share', 'and', 'shove', 'your', 'losses', 'in', 'people', '’', 'hole…', 'while', 'you', 'had', 'no', 'intention', 'of', 'buying', 'it', 'at', 'first', 'place', '.', '@', 'elonmusk', 'is', 'a', 'dangerous', 'man❌']"
12,This three wheeled solar #electric car charges on the go💡 🎥@IntEngineering #innovation #ElectricVehicles #solarcar #Car #energy #Tesla #ElonMusk #technology #innovationnews  https://t.co/drBh3hbtFb,"['This', 'three', 'wheeled', 'solar', '#electric', 'car', 'charges', 'on', 'the', 'go', '💡', '🎥', '@IntEngineering', '#innovation', '#ElectricVehicles', '#solarcar', '#Car', '#energy', '#Tesla', '#ElonMusk', '#technology', '#innovationnews', 'https://t.co/drBh3hbtFb']","['This', 'three', 'wheeled', 'solar', '#', 'electric', 'car', 'charges', 'on', 'the', 'go', '💡', '🎥', '@IntEngineering', '#', 'innovation', '#', 'ElectricVehicles', '#', 'solarcar', '#', 'Car', '#', 'energy', '#', 'Tesla', '#', 'ElonMusk', '#', 'technology', '#', 'innovationnews', ' ', 'https://t.co/drBh3hbtFb']","['This', 'three', 'wheeled', 'solar', '#', 'electric', 'car', 'charges', 'on', 'the', 'go💡', '🎥', '@', 'IntEngineering', '#', 'innovation', '#', 'ElectricVehicles', '#', 'solarcar', '#', 'Car', '#', 'energy', '#', 'Tesla', '#', 'ElonMusk', '#', 'technology', '#', 'innovationnews', 'https', ':', '//t.co/drBh3hbtFb']"
13,Maybe they'll get a shot of @elonmusk 's space @Tesla he launched a while back!  👋👋👋👋👋  #JamesWebbSpaceTelescope #Biden #Musk #Space #SpaceX  https://t.co/4CW6WSdvuR,"['Maybe', ""they'll"", 'get', 'a', 'shot', 'of', '@elonmusk', ""'"", 's', 'space', '@Tesla', 'he', 'launched', 'a', 'while', 'back', '!', '👋', '👋', '👋', '#JamesWebbSpaceTelescope', '#Biden', '#Musk', '#Space', '#SpaceX', 'https://t.co/4CW6WSdvuR']","['Maybe', 'they', ""'ll"", 'get', 'a', 'shot', 'of', '@elonmusk', ""'s"", 'space', '@Tesla', 'he', 'launched', 'a', 'while', 'back', '!', ' ', '👋', '👋', '👋', '👋', '👋', ' ', '#', 'JamesWebbSpaceTelescope', '#', 'Biden', '#', 'Musk', '#', 'Space', '#', 'SpaceX', ' ', 'https://t.co/4CW6WSdvuR']","['Maybe', 'they', ""'ll"", 'get', 'a', 'shot', 'of', '@', 'elonmusk', ""'s"", 'space', '@', 'Tesla', 'he', 'launched', 'a', 'while', 'back', '!', '👋👋👋👋👋', '#', 'JamesWebbSpaceTelescope', '#', 'Biden', '#', 'Musk', '#', 'Space', '#', 'SpaceX', 'https', ':', '//t.co/4CW6WSdvuR']"
14,$TSLA 1/1 woke up &amp; making 40% on a trade 🤣   Bang!   @retradez @MandoTrading @MikeTone_ @Ivan_Avalos8 @ShivamThanvi  #tesla #tessie #spy #spx #LoveIsland  https://t.co/EjevsTQ9DX,"['$', 'TSLA', '1/1', 'woke', 'up', '&', 'making', '40', '%', 'on', 'a', 'trade', '🤣', 'Bang', '!', '@retradez', '@MandoTrading', '@MikeTone_', '@Ivan_Avalos8', '@ShivamThanvi', '#tesla', '#tessie', '#spy', '#spx', '#LoveIsland', 'https://t.co/EjevsTQ9DX']","['$', 'TSLA', '1/1', 'woke', 'up', '&', 'amp', ';', 'making', '40', '%', 'on', 'a', 'trade', '🤣', '  ', 'Bang', '!', '  ', '@retradez', '@MandoTrading', '@MikeTone', '_', '@Ivan_Avalos8', '@ShivamThanvi', ' ', '#', 'tesla', '#', 'tessie', '#', 'spy', '#', 'spx', '#', 'LoveIsland', ' ', 'https://t.co/EjevsTQ9DX']","['$', 'TSLA', '1/1', 'woke', 'up', '&', 'amp', ';', 'making', '40', '%', 'on', 'a', 'trade', '🤣', 'Bang', '!', '@', 'retradez', '@', 'MandoTrading', '@', 'MikeTone_', '@', 'Ivan_Avalos8', '@', 'ShivamThanvi', '#', 'tesla', '#', 'tessie', '#', 'spy', '#', 'spx', '#', 'LoveIsland', 'https', ':', '//t.co/EjevsTQ9DX']"
15,All Youngsters Role model 🤩  He is The Biggest Businessman &amp; Richest man In World  Our Name is The CEO of Tesla Motors &amp; SpaceX @elonmusk  #ElonMusk #Tesla #SpaceX #BusinessMan #Richestman  https://t.co/p375ycTqnG,"['All', 'Youngsters', 'Role', 'model', '🤩', 'He', 'is', 'The', 'Biggest', 'Businessman', '&', 'Richest', 'man', 'In', 'World', 'Our', 'Name', 'is', 'The', 'CEO', 'of', 'Tesla', 'Motors', '&', 'SpaceX', '@elonmusk', '#ElonMusk', '#Tesla', '#SpaceX', '#BusinessMan', '#Richestman', 'https://t.co/p375ycTqnG']","['All', 'Youngsters', 'Role', 'model', '🤩', ' ', 'He', 'is', 'The', 'Biggest', 'Businessman', '&', 'amp', ';', 'Richest', 'man', 'In', 'World', ' ', 'Our', 'Name', 'is', 'The', 'CEO', 'of', 'Tesla', 'Motors', '&', 'amp', ';', 'SpaceX', '@elonmusk', ' ', '#', 'ElonMusk', '#', 'Tesla', '#', 'SpaceX', '#', 'BusinessMan', '#', 'Richestman', ' ', 'https://t.co/p375ycTqnG']","['All', 'Youngsters', 'Role', 'model', '🤩', 'He', 'is', 'The', 'Biggest', 'Businessman', '&', 'amp', ';', 'Richest', 'man', 'In', 'World', 'Our', 'Name', 'is', 'The', 'CEO', 'of', 'Tesla', 'Motors', '&', 'amp', ';', 'SpaceX', '@', 'elonmusk', '#', 'ElonMusk', '#', 'Tesla', '#', 'SpaceX', '#', 'BusinessMan', '#', 'Richestman', 'https', ':', '//t.co/p375ycTqnG']"
16,"@CurrentRevolt An Amish lifestyle...lol. No word on not charging your Tesla &amp; riding horse and carriage,but hand wash your dishes.🙄 As a former Californian,they sent these warnings to us too. These are 🚩🚩of what's to come to Texas . PS,there's  almost no wind energy being produced rn either.  https://t.co/G6HJI0JDlr","['@CurrentRevolt', 'An', 'Amish', 'lifestyle', '...', 'lol', '.', 'No', 'word', 'on', 'not', 'charging', 'your', 'Tesla', '&', 'riding', 'horse', 'and', 'carriage', ',', 'but', 'hand', 'wash', 'your', 'dishes', '.', '🙄', 'As', 'a', 'former', 'Californian', ',', 'they', 'sent', 'these', 'warnings', 'to', 'us', 'too', '.', 'These', 'are', '🚩', '🚩', 'of', ""what's"", 'to', 'come', 'to', 'Texas', '.', 'PS', ',', ""there's"", 'almost', 'no', 'wind', 'energy', 'being', 'produced', 'rn', 'either', '.', 'https://t.co/G6HJI0JDlr']","['@CurrentRevolt', 'An', 'Amish', 'lifestyle', '...', 'lol', '.', 'No', 'word', 'on', 'not', 'charging', 'your', 'Tesla', '&', 'amp', ';', 'riding', 'horse', 'and', 'carriage', ',', 'but', 'hand', 'wash', 'your', 'dishes', '.', '🙄', 'As', 'a', 'former', 'Californian', ',', 'they', 'sent', 'these', 'warnings', 'to', 'us', 'too', '.', 'These', 'are', '🚩', '🚩', 'of', 'what', ""'s"", 'to', 'come', 'to', 'Texas', '.', 'PS', ',', 'there', ""'s"", ' ', 'almost', 'no', 'wind', 'energy', 'being', 'produced', 'rn', 'either', '.', ' ', 'https://t.co/G6HJI0JDlr']","['@', 'CurrentRevolt', 'An', 'Amish', 'lifestyle', '...', 'lol', '.', 'No', 'word', 'on', 'not', 'charging', 'your', 'Tesla', '&', 'amp', ';', 'riding', 'horse', 'and', 'carriage', ',', 'but', 'hand', 'wash', 'your', 'dishes.🙄', 'As', 'a', 'former', 'Californian', ',', 'they', 'sent', 'these', 'warnings', 'to', 'us', 'too', '.', 'These', 'are', '🚩🚩of', 'what', ""'s"", 'to', 'come', 'to', 'Texas', '.', 'PS', ',', 'there', ""'s"", 'almost', 'no', 'wind', 'energy', 'being', 'produced', 'rn', 'either', '.', 'https', ':', '//t.co/G6HJI0JDlr']"
17,Yesterday's Shoot (My 1st Tesla Shoot)  📸🎥 @redlinesproject   https://t.co/djJchmJF2p Owner: B Car: @Tesla  #Tesla #Model3 #TeslaModel3 #electric #cars #red #sundayvibes #sunset #photoshoot #behindthescenes #bts #cars #rt #turo #business #tech #goodmorning  https://t.co/3bLPilCFdR,"[""Yesterday's"", 'Shoot', '(', 'My', '1st', 'Tesla', 'Shoot', ')', '📸', '🎥', '@redlinesproject', 'https://t.co/djJchmJF2p', 'Owner', ':', 'B', 'Car', ':', '@Tesla', '#Tesla', '#Model3', '#TeslaModel3', '#electric', '#cars', '#red', '#sundayvibes', '#sunset', '#photoshoot', '#behindthescenes', '#bts', '#cars', '#rt', '#turo', '#business', '#tech', '#goodmorning', 'https://t.co/3bLPilCFdR']","['Yesterday', ""'s"", 'Shoot', '(', 'My', '1st', 'Tesla', 'Shoot', ')', ' ', '📸', '🎥', '@redlinesproject', '  ', 'https://t.co/djJchmJF2p', 'Owner', ':', 'B', 'Car', ':', '@Tesla', ' ', '#', 'Tesla', '#', 'Model3', '#', 'TeslaModel3', '#', 'electric', '#', 'cars', '#', 'red', '#', 'sundayvibes', '#', 'sunset', '#', 'photoshoot', '#', 'behindthescenes', '#', 'bts', '#', 'cars', '#', 'rt', '#', 'turo', '#', 'business', '#', 'tech', '#', 'goodmorning', ' ', 'https://t.co/3bLPilCFdR']","['Yesterday', ""'s"", 'Shoot', '(', 'My', '1st', 'Tesla', 'Shoot', ')', '📸🎥', '@', 'redlinesproject', 'https', ':', '//t.co/djJchmJF2p', 'Owner', ':', 'B', 'Car', ':', '@', 'Tesla', '#', 'Tesla', '#', 'Model3', '#', 'TeslaModel3', '#', 'electric', '#', 'cars', '#', 'red', '#', 'sundayvibes', '#', 'sunset', '#', 'photoshoot', '#', 'behindthescenes', '#', 'bts', '#', 'cars', '#', 'rt', '#', 'turo', '#', 'business', '#', 'tech', '#', 'goodmorning', 'https', ':', '//t.co/3bLPilCFdR']"
18,@SawyerMerritt People mad at Elon for [insert FUD]: “I’m never gonna buy a Tesla and instead will pay 10x more for a way worse product” 🙄 ok buddy  https://t.co/9aNMZ2Q9Vj,"['@SawyerMerritt', 'People', 'mad', 'at', 'Elon', 'for', '[', 'insert', 'FUD', ']:', '“', 'I', '’', 'm', 'never', 'gonna', 'buy', 'a', 'Tesla', 'and', 'instead', 'will', 'pay', '10x', 'more', 'for', 'a', 'way', 'worse', 'product', '”', '🙄', 'ok', 'buddy', 'https://t.co/9aNMZ2Q9Vj']","['@SawyerMerritt', 'People', 'mad', 'at', 'Elon', 'for', '[', 'insert', 'FUD', ']', ':', '“', 'I', '’m', 'never', 'gon', 'na', 'buy', 'a', 'Tesla', 'and', 'instead', 'will', 'pay', '10x', 'more', 'for', 'a', 'way', 'worse', 'product', '”', '🙄', 'ok', 'buddy', ' ', 'https://t.co/9aNMZ2Q9Vj']","['@', 'SawyerMerritt', 'People', 'mad', 'at', 'Elon', 'for', '[', 'insert', 'FUD', ']', ':', '“', 'I', '’', 'm', 'never', 'gon', 'na', 'buy', 'a', 'Tesla', 'and', 'instead', 'will', 'pay', '10x', 'more', 'for', 'a', 'way', 'worse', 'product', '”', '🙄', 'ok', 'buddy', 'https', ':', '//t.co/9aNMZ2Q9Vj']"
19,So funny thing about this guy - he picked me up in Scottsdale in a #Uber and we start talking about ⁦@elonmusk⁩ and ⁦@DogelonMars⁩ and #investing in he pulls out his phone shows me his #tesla stocks he has millions of dollars in Tesla and is #hodling for way more 💎👏  https://t.co/fGmEUekn1Z,"['So', 'funny', 'thing', 'about', 'this', 'guy', '-', 'he', 'picked', 'me', 'up', 'in', 'Scottsdale', 'in', 'a', '#Uber', 'and', 'we', 'start', 'talking', 'about', '\u2066', '@elonmusk', '\u2069', 'and', '\u2066', '@DogelonMars', '\u2069', 'and', '#investing', 'in', 'he', 'pulls', 'out', 'his', 'phone', 'shows', 'me', 'his', '#tesla', 'stocks', 'he', 'has', 'millions', 'of', 'dollars', 'in', 'Tesla', 'and', 'is', '#hodling', 'for', 'way', 'more', '💎', '👏', 'https://t.co/fGmEUekn1Z']","['So', 'funny', 'thing', 'about', 'this', 'guy', '-', 'he', 'picked', 'me', 'up', 'in', 'Scottsdale', 'in', 'a', '#', 'Uber', 'and', 'we', 'start', 'talking', 'about', '\u2066@elonmusk\u2069', 'and', '\u2066@DogelonMars\u2069', 'and', '#', 'investing', 'in', 'he', 'pulls', 'out', 'his', 'phone', 'shows', 'me', 'his', '#', 'tesla', 'stocks', 'he', 'has', 'millions', 'of', 'dollars', 'in', 'Tesla', 'and', 'is', '#', 'hodling', 'for', 'way', 'more', '💎', '👏', ' ', 'https://t.co/fGmEUekn1Z']","['So', 'funny', 'thing', 'about', 'this', 'guy', '-', 'he', 'picked', 'me', 'up', 'in', 'Scottsdale', 'in', 'a', '#', 'Uber', 'and', 'we', 'start', 'talking', 'about', '\u2066', '@', 'elonmusk\u2069', 'and', '\u2066', '@', 'DogelonMars\u2069', 'and', '#', 'investing', 'in', 'he', 'pulls', 'out', 'his', 'phone', 'shows', 'me', 'his', '#', 'tesla', 'stocks', 'he', 'has', 'millions', 'of', 'dollars', 'in', 'Tesla', 'and', 'is', '#', 'hodling', 'for', 'way', 'more', '💎👏', 'https', ':', '//t.co/fGmEUekn1Z']"
20,"""American Farm Truck""  Painted on a random used cigar box😀  #Tesla #ElonMusk #cybertruck #art #illustration  @elonmusk  https://t.co/fsm7GCdeEF","['""', 'American', 'Farm', 'Truck', '""', 'Painted', 'on', 'a', 'random', 'used', 'cigar', 'box', '😀', '#Tesla', '#ElonMusk', '#cybertruck', '#art', '#illustration', '@elonmusk', 'https://t.co/fsm7GCdeEF']","['""', 'American', 'Farm', 'Truck', '""', ' ', 'Painted', 'on', 'a', 'random', 'used', 'cigar', 'box', '😀', ' ', '#', 'Tesla', '#', 'ElonMusk', '#', 'cybertruck', '#', 'art', '#', 'illustration', ' ', '@elonmusk', ' ', 'https://t.co/fsm7GCdeEF']","['``', 'American', 'Farm', 'Truck', ""''"", 'Painted', 'on', 'a', 'random', 'used', 'cigar', 'box😀', '#', 'Tesla', '#', 'ElonMusk', '#', 'cybertruck', '#', 'art', '#', 'illustration', '@', 'elonmusk', 'https', ':', '//t.co/fsm7GCdeEF']"
21,Retweet selected by the  https://t.co/11ojAZA3Wf team |  Tesla's U.S. factory to stay open as coronavirus lockdown begins: report #technology  https://t.co/JO1tCX99ma  https://t.co/VRWbg8ZCWR,"['Retweet', 'selected', 'by', 'the', 'https://t.co/11ojAZA3Wf', 'team', '|', ""Tesla's"", 'U', '.', 'S', '.', 'factory', 'to', 'stay', 'open', 'as', 'coronavirus', 'lockdown', 'begins', ':', 'report', '#technology', 'https://t.co/JO1tCX99ma', 'https://t.co/VRWbg8ZCWR']","['Retweet', 'selected', 'by', 'the', ' ', 'https://t.co/11ojAZA3Wf', 'team', '|', ' ', 'Tesla', ""'s"", 'U.S.', 'factory', 'to', 'stay', 'open', 'as', 'coronavirus', 'lockdown', 'begins', ':', 'report', '#', 'technology', ' ', 'https://t.co/JO1tCX99ma', ' ', 'https://t.co/VRWbg8ZCWR']","['Retweet', 'selected', 'by', 'the', 'https', ':', '//t.co/11ojAZA3Wf', 'team', '|', 'Tesla', ""'s"", 'U.S.', 'factory', 'to', 'stay', 'open', 'as', 'coronavirus', 'lockdown', 'begins', ':', 'report', '#', 'technology', 'https', ':', '//t.co/JO1tCX99ma', 'https', ':', '//t.co/VRWbg8ZCWR']"
22,"In the coming future, #Tesla is gonna face some real competition from the Indian market, unless they #MakeInIndia. Kudos to #olaelectric for their amazing work.","['In', 'the', 'coming', 'future', ',', '#Tesla', 'is', 'gonna', 'face', 'some', 'real', 'competition', 'from', 'the', 'Indian', 'market', ',', 'unless', 'they', '#MakeInIndia', '.', 'Kudos', 'to', '#olaelectric', 'for', 'their', 'amazing', 'work', '.']","['In', 'the', 'coming', 'future', ',', '#', 'Tesla', 'is', 'gon', 'na', 'face', 'some', 'real', 'competition', 'from', 'the', 'Indian', 'market', ',', 'unless', 'they', '#', 'MakeInIndia', '.', 'Kudos', 'to', '#', 'olaelectric', 'for', 'their', 'amazing', 'work', '.']","['In', 'the', 'coming', 'future', ',', '#', 'Tesla', 'is', 'gon', 'na', 'face', 'some', 'real', 'competition', 'from', 'the', 'Indian', 'market', ',', 'unless', 'they', '#', 'MakeInIndia', '.', 'Kudos', 'to', '#', 'olaelectric', 'for', 'their', 'amazing', 'work', '.']"
23,"@elonmusk @GailAlfarATX @Tesla @teslacn @TeslaOwnersEBay @blueskykites @Kristennetten @JenniCurrent @daelmor @IheartTesla @EvrybodynthrMom #Dogecoin is essential to the future because there is close to no way two countries who use it as legal tender would ever bomb each other. Buying nukes with that cute little face? Nah, use it for love instead :)","['@elonmusk', '@GailAlfarATX', '@Tesla', '@teslacn', '@TeslaOwnersEBay', '@blueskykites', '@Kristennetten', '@JenniCurrent', '@daelmor', '@IheartTesla', '@EvrybodynthrMom', '#Dogecoin', 'is', 'essential', 'to', 'the', 'future', 'because', 'there', 'is', 'close', 'to', 'no', 'way', 'two', 'countries', 'who', 'use', 'it', 'as', 'legal', 'tender', 'would', 'ever', 'bomb', 'each', 'other', '.', 'Buying', 'nukes', 'with', 'that', 'cute', 'little', 'face', '?', 'Nah', ',', 'use', 'it', 'for', 'love', 'instead', ':)']","['@elonmusk', '@GailAlfarATX', '@Tesla', '@teslacn', '@TeslaOwnersEBay', '@blueskykites', '@Kristennetten', '@JenniCurrent', '@daelmor', '@IheartTesla', '@EvrybodynthrMom', '#', 'Dogecoin', 'is', 'essential', 'to', 'the', 'future', 'because', 'there', 'is', 'close', 'to', 'no', 'way', 'two', 'countries', 'who', 'use', 'it', 'as', 'legal', 'tender', 'would', 'ever', 'bomb', 'each', 'other', '.', 'Buying', 'nukes', 'with', 'that', 'cute', 'little', 'face', '?', 'Nah', ',', 'use', 'it', 'for', 'love', 'instead', ':)']","['@', 'elonmusk', '@', 'GailAlfarATX', '@', 'Tesla', '@', 'teslacn', '@', 'TeslaOwnersEBay', '@', 'blueskykites', '@', 'Kristennetten', '@', 'JenniCurrent', '@', 'daelmor', '@', 'IheartTesla', '@', 'EvrybodynthrMom', '#', 'Dogecoin', 'is', 'essential', 'to', 'the', 'future', 'because', 'there', 'is', 'close', 'to', 'no', 'way', 'two', 'countries', 'who', 'use', 'it', 'as', 'legal', 'tender', 'would', 'ever', 'bomb', 'each', 'other', '.', 'Buying', 'nukes', 'with', 'that', 'cute', 'little', 'face', '?', 'Nah', ',', 'use', 'it', 'for', 'love', 'instead', ':', ')']"
24,"@TD_Tesla Not all countries are gonna go for #BTC anyways, so not all 7-8b ppl will have crypto. Just like not all countries go for #USD now. The countries that will hold #BTC back will want to control their people with fiat currencies with inflationary environments.","['@TD_Tesla', 'Not', 'all', 'countries', 'are', 'gonna', 'go', 'for', '#BTC', 'anyways', ',', 'so', 'not', 'all', '7-8', 'b', 'ppl', 'will', 'have', 'crypto', '.', 'Just', 'like', 'not', 'all', 'countries', 'go', 'for', '#USD', 'now', '.', 'The', 'countries', 'that', 'will', 'hold', '#BTC', 'back', 'will', 'want', 'to', 'control', 'their', 'people', 'with', 'fiat', 'currencies', 'with', 'inflationary', 'environments', '.']","['@TD_Tesla', 'Not', 'all', 'countries', 'are', 'gon', 'na', 'go', 'for', '#', 'BTC', 'anyways', ',', 'so', 'not', 'all', '7', '-', '8b', 'ppl', 'will', 'have', 'crypto', '.', 'Just', 'like', 'not', 'all', 'countries', 'go', 'for', '#', 'USD', 'now', '.', 'The', 'countries', 'that', 'will', 'hold', '#', 'BTC', 'back', 'will', 'want', 'to', 'control', 'their', 'people', 'with', 'fiat', 'currencies', 'with', 'inflationary', 'environments', '.']","['@', 'TD_Tesla', 'Not', 'all', 'countries', 'are', 'gon', 'na', 'go', 'for', '#', 'BTC', 'anyways', ',', 'so', 'not', 'all', '7-8b', 'ppl', 'will', 'have', 'crypto', '.', 'Just', 'like', 'not', 'all', 'countries', 'go', 'for', '#', 'USD', 'now', '.', 'The', 'countries', 'that', 'will', 'hold', '#', 'BTC', 'back', 'will', 'want', 'to', 'control', 'their', 'people', 'with', 'fiat', 'currencies', 'with', 'inflationary', 'environments', '.']"
25,@abeerong Like tesla or a audi u got futuristic body,"['@abeerong', 'Like', 'tesla', 'or', 'a', 'audi', 'u', 'got', 'futuristic', 'body']","['@abeerong', 'Like', 'tesla', 'or', 'a', 'audi', 'u', 'got', 'futuristic', 'body']","['@', 'abeerong', 'Like', 'tesla', 'or', 'a', 'audi', 'u', 'got', 'futuristic', 'body']"
26,"@elonmusk I don’t know how to play chess, but this this pretty funny. Also Elon, I’m gonna get a Tesla someday.","['@elonmusk', 'I', 'don', '’', 't', 'know', 'how', 'to', 'play', 'chess', ',', 'but', 'this', 'this', 'pretty', 'funny', '.', 'Also', 'Elon', ',', 'I', '’', 'm', 'gonna', 'get', 'a', 'Tesla', 'someday', '.']","['@elonmusk', 'I', 'do', 'n’t', 'know', 'how', 'to', 'play', 'chess', ',', 'but', 'this', 'this', 'pretty', 'funny', '.', 'Also', 'Elon', ',', 'I', '’m', 'gon', 'na', 'get', 'a', 'Tesla', 'someday', '.']","['@', 'elonmusk', 'I', 'don', '’', 't', 'know', 'how', 'to', 'play', 'chess', ',', 'but', 'this', 'this', 'pretty', 'funny', '.', 'Also', 'Elon', ',', 'I', '’', 'm', 'gon', 'na', 'get', 'a', 'Tesla', 'someday', '.']"
27,"@elonmusk @GailAlfarATX @Tesla @teslacn @TeslaOwnersEBay @blueskykites @Kristennetten @JenniCurrent @daelmor @IheartTesla @EvrybodynthrMom Nah, i am gonna pass","['@elonmusk', '@GailAlfarATX', '@Tesla', '@teslacn', '@TeslaOwnersEBay', '@blueskykites', '@Kristennetten', '@JenniCurrent', '@daelmor', '@IheartTesla', '@EvrybodynthrMom', 'Nah', ',', 'i', 'am', 'gonna', 'pass']","['@elonmusk', '@GailAlfarATX', '@Tesla', '@teslacn', '@TeslaOwnersEBay', '@blueskykites', '@Kristennetten', '@JenniCurrent', '@daelmor', '@IheartTesla', '@EvrybodynthrMom', 'Nah', ',', 'i', 'am', 'gon', 'na', 'pass']","['@', 'elonmusk', '@', 'GailAlfarATX', '@', 'Tesla', '@', 'teslacn', '@', 'TeslaOwnersEBay', '@', 'blueskykites', '@', 'Kristennetten', '@', 'JenniCurrent', '@', 'daelmor', '@', 'IheartTesla', '@', 'EvrybodynthrMom', 'Nah', ',', 'i', 'am', 'gon', 'na', 'pass']"
28,"@elonmusk You were never gonna buy Twitter anyway because you can't afford it and didn't believe in free speech in the first place, you just wanted to buy it to bring your daddy trump back. Tesla sucks just like you","['@elonmusk', 'You', 'were', 'never', 'gonna', 'buy', 'Twitter', 'anyway', 'because', 'you', ""can't"", 'afford', 'it', 'and', ""didn't"", 'believe', 'in', 'free', 'speech', 'in', 'the', 'first', 'place', ',', 'you', 'just', 'wanted', 'to', 'buy', 'it', 'to', 'bring', 'your', 'daddy', 'trump', 'back', '.', 'Tesla', 'sucks', 'just', 'like', 'you']","['@elonmusk', 'You', 'were', 'never', 'gon', 'na', 'buy', 'Twitter', 'anyway', 'because', 'you', 'ca', ""n't"", 'afford', 'it', 'and', 'did', ""n't"", 'believe', 'in', 'free', 'speech', 'in', 'the', 'first', 'place', ',', 'you', 'just', 'wanted', 'to', 'buy', 'it', 'to', 'bring', 'your', 'daddy', 'trump', 'back', '.', 'Tesla', 'sucks', 'just', 'like', 'you']","['@', 'elonmusk', 'You', 'were', 'never', 'gon', 'na', 'buy', 'Twitter', 'anyway', 'because', 'you', 'ca', ""n't"", 'afford', 'it', 'and', 'did', ""n't"", 'believe', 'in', 'free', 'speech', 'in', 'the', 'first', 'place', ',', 'you', 'just', 'wanted', 'to', 'buy', 'it', 'to', 'bring', 'your', 'daddy', 'trump', 'back', '.', 'Tesla', 'sucks', 'just', 'like', 'you']"
29,@elonmusk @GailAlfarATX @Tesla @teslacn @TeslaOwnersEBay @blueskykites @Kristennetten @JenniCurrent @daelmor @IheartTesla @EvrybodynthrMom Lol In Nigeria here We are overpopulated for the type of infrastructure we have,"['@elonmusk', '@GailAlfarATX', '@Tesla', '@teslacn', '@TeslaOwnersEBay', '@blueskykites', '@Kristennetten', '@JenniCurrent', '@daelmor', '@IheartTesla', '@EvrybodynthrMom', 'Lol', 'In', 'Nigeria', 'here', 'We', 'are', 'overpopulated', 'for', 'the', 'type', 'of', 'infrastructure', 'we', 'have']","['@elonmusk', '@GailAlfarATX', '@Tesla', '@teslacn', '@TeslaOwnersEBay', '@blueskykites', '@Kristennetten', '@JenniCurrent', '@daelmor', '@IheartTesla', '@EvrybodynthrMom', 'Lol', 'In', 'Nigeria', 'here', 'We', 'are', 'overpopulated', 'for', 'the', 'type', 'of', 'infrastructure', 'we', 'have']","['@', 'elonmusk', '@', 'GailAlfarATX', '@', 'Tesla', '@', 'teslacn', '@', 'TeslaOwnersEBay', '@', 'blueskykites', '@', 'Kristennetten', '@', 'JenniCurrent', '@', 'daelmor', '@', 'IheartTesla', '@', 'EvrybodynthrMom', 'Lol', 'In', 'Nigeria', 'here', 'We', 'are', 'overpopulated', 'for', 'the', 'type', 'of', 'infrastructure', 'we', 'have']"
30,@iamraisini @elonmusk Imma assume you shorted Tesla ? Lol,"['@iamraisini', '@elonmusk', 'Imma', 'assume', 'you', 'shorted', 'Tesla', '?', 'Lol']","['@iamraisini', '@elonmusk', 'Imma', 'assume', 'you', 'shorted', 'Tesla', '?', 'Lol']","['@', 'iamraisini', '@', 'elonmusk', 'Imma', 'assume', 'you', 'shorted', 'Tesla', '?', 'Lol']"
31,"@unusual_whales @ERCOT_ISO I'm going to charge my Tesla, dry my clothes, wash my dishes, lower my AC temp, turn on every light, and play games on three different computers all at the same time.  Ya'll want to charge an arm and a leg for electricity and fix nothing.  Im gonna use what I pay for.","['@unusual_whales', '@ERCOT_ISO', ""I'm"", 'going', 'to', 'charge', 'my', 'Tesla', ',', 'dry', 'my', 'clothes', ',', 'wash', 'my', 'dishes', ',', 'lower', 'my', 'AC', 'temp', ',', 'turn', 'on', 'every', 'light', ',', 'and', 'play', 'games', 'on', 'three', 'different', 'computers', 'all', 'at', 'the', 'same', 'time', '.', ""Ya'll"", 'want', 'to', 'charge', 'an', 'arm', 'and', 'a', 'leg', 'for', 'electricity', 'and', 'fix', 'nothing', '.', 'Im', 'gonna', 'use', 'what', 'I', 'pay', 'for', '.']","['@unusual_whales', '@ERCOT_ISO', 'I', ""'m"", 'going', 'to', 'charge', 'my', 'Tesla', ',', 'dry', 'my', 'clothes', ',', 'wash', 'my', 'dishes', ',', 'lower', 'my', 'AC', 'temp', ',', 'turn', 'on', 'every', 'light', ',', 'and', 'play', 'games', 'on', 'three', 'different', 'computers', 'all', 'at', 'the', 'same', 'time', '.', ' ', ""Ya'll"", 'want', 'to', 'charge', 'an', 'arm', 'and', 'a', 'leg', 'for', 'electricity', 'and', 'fix', 'nothing', '.', ' ', 'I', 'm', 'gon', 'na', 'use', 'what', 'I', 'pay', 'for', '.']","['@', 'unusual_whales', '@', 'ERCOT_ISO', 'I', ""'m"", 'going', 'to', 'charge', 'my', 'Tesla', ',', 'dry', 'my', 'clothes', ',', 'wash', 'my', 'dishes', ',', 'lower', 'my', 'AC', 'temp', ',', 'turn', 'on', 'every', 'light', ',', 'and', 'play', 'games', 'on', 'three', 'different', 'computers', 'all', 'at', 'the', 'same', 'time', '.', 'Ya', ""'ll"", 'want', 'to', 'charge', 'an', 'arm', 'and', 'a', 'leg', 'for', 'electricity', 'and', 'fix', 'nothing', '.', 'Im', 'gon', 'na', 'use', 'what', 'I', 'pay', 'for', '.']"
32,"@iamgabesanchez @elonmusk Odds that court discovers some questionable buying of Twitter just before his announcement, some sales at peak price and some shorts just before he made the first bot comments? This is gonna be Elon v Taking Tesla Private with secured Saudi funds v2.0.","['@iamgabesanchez', '@elonmusk', 'Odds', 'that', 'court', 'discovers', 'some', 'questionable', 'buying', 'of', 'Twitter', 'just', 'before', 'his', 'announcement', ',', 'some', 'sales', 'at', 'peak', 'price', 'and', 'some', 'shorts', 'just', 'before', 'he', 'made', 'the', 'first', 'bot', 'comments', '?', 'This', 'is', 'gonna', 'be', 'Elon', 'v', 'Taking', 'Tesla', 'Private', 'with', 'secured', 'Saudi', 'funds', 'v2', '.', '0', '.']","['@iamgabesanchez', '@elonmusk', 'Odds', 'that', 'court', 'discovers', 'some', 'questionable', 'buying', 'of', 'Twitter', 'just', 'before', 'his', 'announcement', ',', 'some', 'sales', 'at', 'peak', 'price', 'and', 'some', 'shorts', 'just', 'before', 'he', 'made', 'the', 'first', 'bot', 'comments', '?', 'This', 'is', 'gon', 'na', 'be', 'Elon', 'v', 'Taking', 'Tesla', 'Private', 'with', 'secured', 'Saudi', 'funds', 'v2.0', '.']","['@', 'iamgabesanchez', '@', 'elonmusk', 'Odds', 'that', 'court', 'discovers', 'some', 'questionable', 'buying', 'of', 'Twitter', 'just', 'before', 'his', 'announcement', ',', 'some', 'sales', 'at', 'peak', 'price', 'and', 'some', 'shorts', 'just', 'before', 'he', 'made', 'the', 'first', 'bot', 'comments', '?', 'This', 'is', 'gon', 'na', 'be', 'Elon', 'v', 'Taking', 'Tesla', 'Private', 'with', 'secured', 'Saudi', 'funds', 'v2.0', '.']"
33,"@GailAlfarATX @elonmusk @Tesla @teslacn @TeslaOwnersEBay @blueskykites @Kristennetten @JenniCurrent @daelmor @IheartTesla @EvrybodynthrMom I have six. 4 of them still live at home being homeschooled -taught self-education , research. Beyond public education. This nation has pushed society in the wrong direction. Change time","['@GailAlfarATX', '@elonmusk', '@Tesla', '@teslacn', '@TeslaOwnersEBay', '@blueskykites', '@Kristennetten', '@JenniCurrent', '@daelmor', '@IheartTesla', '@EvrybodynthrMom', 'I', 'have', 'six', '.', '4', 'of', 'them', 'still', 'live', 'at', 'home', 'being', 'homeschooled', '-', 'taught', 'self-education', ',', 'research', '.', 'Beyond', 'public', 'education', '.', 'This', 'nation', 'has', 'pushed', 'society', 'in', 'the', 'wrong', 'direction', '.', 'Change', 'time']","['@GailAlfarATX', '@elonmusk', '@Tesla', '@teslacn', '@TeslaOwnersEBay', '@blueskykites', '@Kristennetten', '@JenniCurrent', '@daelmor', '@IheartTesla', '@EvrybodynthrMom', 'I', 'have', 'six', '.', '4', 'of', 'them', 'still', 'live', 'at', 'home', 'being', 'homeschooled', '-taught', 'self', '-', 'education', ',', 'research', '.', 'Beyond', 'public', 'education', '.', 'This', 'nation', 'has', 'pushed', 'society', 'in', 'the', 'wrong', 'direction', '.', 'Change', 'time']","['@', 'GailAlfarATX', '@', 'elonmusk', '@', 'Tesla', '@', 'teslacn', '@', 'TeslaOwnersEBay', '@', 'blueskykites', '@', 'Kristennetten', '@', 'JenniCurrent', '@', 'daelmor', '@', 'IheartTesla', '@', 'EvrybodynthrMom', 'I', 'have', 'six', '.', '4', 'of', 'them', 'still', 'live', 'at', 'home', 'being', 'homeschooled', '-taught', 'self-education', ',', 'research', '.', 'Beyond', 'public', 'education', '.', 'This', 'nation', 'has', 'pushed', 'society', 'in', 'the', 'wrong', 'direction', '.', 'Change', 'time']"
34,@elonmusk @GailAlfarATX @Tesla @teslacn @TeslaOwnersEBay @blueskykites @Kristennetten @JenniCurrent @daelmor @IheartTesla @EvrybodynthrMom Then go for your dozen kids… you are just missing 3 more!!! Go for it!!,"['@elonmusk', '@GailAlfarATX', '@Tesla', '@teslacn', '@TeslaOwnersEBay', '@blueskykites', '@Kristennetten', '@JenniCurrent', '@daelmor', '@IheartTesla', '@EvrybodynthrMom', 'Then', 'go', 'for', 'your', 'dozen', 'kids', '…', 'you', 'are', 'just', 'missing', '3', 'more', '!', '!', '!', 'Go', 'for', 'it', '!', '!']","['@elonmusk', '@GailAlfarATX', '@Tesla', '@teslacn', '@TeslaOwnersEBay', '@blueskykites', '@Kristennetten', '@JenniCurrent', '@daelmor', '@IheartTesla', '@EvrybodynthrMom', 'Then', 'go', 'for', 'your', 'dozen', 'kids', '…', 'you', 'are', 'just', 'missing', '3', 'more', '!', '!', '!', 'Go', 'for', 'it', '!', '!']","['@', 'elonmusk', '@', 'GailAlfarATX', '@', 'Tesla', '@', 'teslacn', '@', 'TeslaOwnersEBay', '@', 'blueskykites', '@', 'Kristennetten', '@', 'JenniCurrent', '@', 'daelmor', '@', 'IheartTesla', '@', 'EvrybodynthrMom', 'Then', 'go', 'for', 'your', 'dozen', 'kids…', 'you', 'are', 'just', 'missing', '3', 'more', '!', '!', '!', 'Go', 'for', 'it', '!', '!']"
35,"@elonmusk #Think about buying a country , #Mexico ? You could turn it into the Richest Country in the world, with Trump as President and all his people moving to Mexico with their own #Constitution  and to boot all the cheap labor you would ever need for @Tesla  @SafetyMentalst","['@elonmusk', '#Think', 'about', 'buying', 'a', 'country', ',', '#Mexico', '?', 'You', 'could', 'turn', 'it', 'into', 'the', 'Richest', 'Country', 'in', 'the', 'world', ',', 'with', 'Trump', 'as', 'President', 'and', 'all', 'his', 'people', 'moving', 'to', 'Mexico', 'with', 'their', 'own', '#Constitution', 'and', 'to', 'boot', 'all', 'the', 'cheap', 'labor', 'you', 'would', 'ever', 'need', 'for', '@Tesla', '@SafetyMentalst']","['@elonmusk', '#', 'Think', 'about', 'buying', 'a', 'country', ',', '#', 'Mexico', '?', 'You', 'could', 'turn', 'it', 'into', 'the', 'Richest', 'Country', 'in', 'the', 'world', ',', 'with', 'Trump', 'as', 'President', 'and', 'all', 'his', 'people', 'moving', 'to', 'Mexico', 'with', 'their', 'own', '#', 'Constitution', ' ', 'and', 'to', 'boot', 'all', 'the', 'cheap', 'labor', 'you', 'would', 'ever', 'need', 'for', '@Tesla', ' ', '@SafetyMentalst']","['@', 'elonmusk', '#', 'Think', 'about', 'buying', 'a', 'country', ',', '#', 'Mexico', '?', 'You', 'could', 'turn', 'it', 'into', 'the', 'Richest', 'Country', 'in', 'the', 'world', ',', 'with', 'Trump', 'as', 'President', 'and', 'all', 'his', 'people', 'moving', 'to', 'Mexico', 'with', 'their', 'own', '#', 'Constitution', 'and', 'to', 'boot', 'all', 'the', 'cheap', 'labor', 'you', 'would', 'ever', 'need', 'for', '@', 'Tesla', '@', 'SafetyMentalst']"
36,"@get_innocuous Actual receipts, and yet you haven’t asked anyone to buy you a Tesla. Grifters on the right probably rake in 5k for every 100 spent! If you DID set up a gofund me, this would be a worthy cause!","['@get_innocuous', 'Actual', 'receipts', ',', 'and', 'yet', 'you', 'haven', '’', 't', 'asked', 'anyone', 'to', 'buy', 'you', 'a', 'Tesla', '.', 'Grifters', 'on', 'the', 'right', 'probably', 'rake', 'in', '5k', 'for', 'every', '100', 'spent', '!', 'If', 'you', 'DID', 'set', 'up', 'a', 'gofund', 'me', ',', 'this', 'would', 'be', 'a', 'worthy', 'cause', '!']","['@get_innocuous', 'Actual', 'receipts', ',', 'and', 'yet', 'you', 'have', 'n’t', 'asked', 'anyone', 'to', 'buy', 'you', 'a', 'Tesla', '.', 'Grifters', 'on', 'the', 'right', 'probably', 'rake', 'in', '5k', 'for', 'every', '100', 'spent', '!', 'If', 'you', 'DID', 'set', 'up', 'a', 'gofund', 'me', ',', 'this', 'would', 'be', 'a', 'worthy', 'cause', '!']","['@', 'get_innocuous', 'Actual', 'receipts', ',', 'and', 'yet', 'you', 'haven', '’', 't', 'asked', 'anyone', 'to', 'buy', 'you', 'a', 'Tesla', '.', 'Grifters', 'on', 'the', 'right', 'probably', 'rake', 'in', '5k', 'for', 'every', '100', 'spent', '!', 'If', 'you', 'DID', 'set', 'up', 'a', 'gofund', 'me', ',', 'this', 'would', 'be', 'a', 'worthy', 'cause', '!']"
37,Tesla wall battery for the save! Power went out but can still run my ac when its about to be 100*,"['Tesla', 'wall', 'battery', 'for', 'the', 'save', '!', 'Power', 'went', 'out', 'but', 'can', 'still', 'run', 'my', 'ac', 'when', 'its', 'about', 'to', 'be', '100', '*']","['Tesla', 'wall', 'battery', 'for', 'the', 'save', '!', 'Power', 'went', 'out', 'but', 'can', 'still', 'run', 'my', 'ac', 'when', 'its', 'about', 'to', 'be', '100', '*']","['Tesla', 'wall', 'battery', 'for', 'the', 'save', '!', 'Power', 'went', 'out', 'but', 'can', 'still', 'run', 'my', 'ac', 'when', 'its', 'about', 'to', 'be', '100', '*']"
38,"for sale: 2021 Used TESLA MODEL Y STANDARD RANGE. REAR WHEEL DRIVE.  Autopilot. Midnight Silver. Black. 16,800-miles. $64,900. Lincoln. Nebraska.   https://t.co/8OXKGIOTMm","['for', 'sale', ':', '2021', 'Used', 'TESLA', 'MODEL', 'Y', 'STANDARD', 'RANGE', '.', 'REAR', 'WHEEL', 'DRIVE', '.', 'Autopilot', '.', 'Midnight', 'Silver', '.', 'Black', '.', '16,800-', 'miles', '.', '$', '64,900', '.', 'Lincoln', '.', 'Nebraska', '.', 'https://t.co/8OXKGIOTMm']","['for', 'sale', ':', '2021', 'Used', 'TESLA', 'MODEL', 'Y', 'STANDARD', 'RANGE', '.', 'REAR', 'WHEEL', 'DRIVE', '.', ' ', 'Autopilot', '.', 'Midnight', 'Silver', '.', 'Black', '.', '16,800', '-', 'miles', '.', '$', '64,900', '.', 'Lincoln', '.', 'Nebraska', '.', '  ', 'https://t.co/8OXKGIOTMm']","['for', 'sale', ':', '2021', 'Used', 'TESLA', 'MODEL', 'Y', 'STANDARD', 'RANGE', '.', 'REAR', 'WHEEL', 'DRIVE', '.', 'Autopilot', '.', 'Midnight', 'Silver', '.', 'Black', '.', '16,800-miles', '.', '$', '64,900', '.', 'Lincoln', '.', 'Nebraska', '.', 'https', ':', '//t.co/8OXKGIOTMm']"
39,"@Tesla @elonmusk #Think about buying a country , #Mexico ? You could turn it into the Richest Country in the world, with Trump as President and all his people moving to Mexico with their own #Constitution  and to boot all the cheap labor you would ever need for @Tesla  @SafetyMentalst","['@Tesla', '@elonmusk', '#Think', 'about', 'buying', 'a', 'country', ',', '#Mexico', '?', 'You', 'could', 'turn', 'it', 'into', 'the', 'Richest', 'Country', 'in', 'the', 'world', ',', 'with', 'Trump', 'as', 'President', 'and', 'all', 'his', 'people', 'moving', 'to', 'Mexico', 'with', 'their', 'own', '#Constitution', 'and', 'to', 'boot', 'all', 'the', 'cheap', 'labor', 'you', 'would', 'ever', 'need', 'for', '@Tesla', '@SafetyMentalst']","['@Tesla', '@elonmusk', '#', 'Think', 'about', 'buying', 'a', 'country', ',', '#', 'Mexico', '?', 'You', 'could', 'turn', 'it', 'into', 'the', 'Richest', 'Country', 'in', 'the', 'world', ',', 'with', 'Trump', 'as', 'President', 'and', 'all', 'his', 'people', 'moving', 'to', 'Mexico', 'with', 'their', 'own', '#', 'Constitution', ' ', 'and', 'to', 'boot', 'all', 'the', 'cheap', 'labor', 'you', 'would', 'ever', 'need', 'for', '@Tesla', ' ', '@SafetyMentalst']","['@', 'Tesla', '@', 'elonmusk', '#', 'Think', 'about', 'buying', 'a', 'country', ',', '#', 'Mexico', '?', 'You', 'could', 'turn', 'it', 'into', 'the', 'Richest', 'Country', 'in', 'the', 'world', ',', 'with', 'Trump', 'as', 'President', 'and', 'all', 'his', 'people', 'moving', 'to', 'Mexico', 'with', 'their', 'own', '#', 'Constitution', 'and', 'to', 'boot', 'all', 'the', 'cheap', 'labor', 'you', 'would', 'ever', 'need', 'for', '@', 'Tesla', '@', 'SafetyMentalst']"
40,"$TSLA  not a full MacD cross down yet, but remember - buy under $700 and sell over $700 on Tesla. I mentioned last week I sold half my lot at $750 ahead of what I expect to be weak earnings. I'll be buying more on weakness. Look at the chart @TrendSpider  https://t.co/uclABEgB7h","['$', 'TSLA', 'not', 'a', 'full', 'MacD', 'cross', 'down', 'yet', ',', 'but', 'remember', '-', 'buy', 'under', '$', '700', 'and', 'sell', 'over', '$', '700', 'on', 'Tesla', '.', 'I', 'mentioned', 'last', 'week', 'I', 'sold', 'half', 'my', 'lot', 'at', '$', '750', 'ahead', 'of', 'what', 'I', 'expect', 'to', 'be', 'weak', 'earnings', '.', ""I'll"", 'be', 'buying', 'more', 'on', 'weakness', '.', 'Look', 'at', 'the', 'chart', '@TrendSpider', 'https://t.co/uclABEgB7h']","['$', 'TSLA', ' ', 'not', 'a', 'full', 'MacD', 'cross', 'down', 'yet', ',', 'but', 'remember', '-', 'buy', 'under', '$', '700', 'and', 'sell', 'over', '$', '700', 'on', 'Tesla', '.', 'I', 'mentioned', 'last', 'week', 'I', 'sold', 'half', 'my', 'lot', 'at', '$', '750', 'ahead', 'of', 'what', 'I', 'expect', 'to', 'be', 'weak', 'earnings', '.', 'I', ""'ll"", 'be', 'buying', 'more', 'on', 'weakness', '.', 'Look', 'at', 'the', 'chart', '@TrendSpider', ' ', 'https://t.co/uclABEgB7h']","['$', 'TSLA', 'not', 'a', 'full', 'MacD', 'cross', 'down', 'yet', ',', 'but', 'remember', '-', 'buy', 'under', '$', '700', 'and', 'sell', 'over', '$', '700', 'on', 'Tesla', '.', 'I', 'mentioned', 'last', 'week', 'I', 'sold', 'half', 'my', 'lot', 'at', '$', '750', 'ahead', 'of', 'what', 'I', 'expect', 'to', 'be', 'weak', 'earnings', '.', 'I', ""'ll"", 'be', 'buying', 'more', 'on', 'weakness', '.', 'Look', 'at', 'the', 'chart', '@', 'TrendSpider', 'https', ':', '//t.co/uclABEgB7h']"
41,"@elonmusk @GailAlfarATX @Tesla @teslacn @TeslaOwnersEBay @blueskykites @Kristennetten @JenniCurrent @daelmor @IheartTesla @EvrybodynthrMom as far as I remember, Leonardo da Vinci already wrote in his scripts that children should be conceived and raised in love so that they have a valuable life, and that means that children are love,  like Leonardo i believe, love is important from the very first moment","['@elonmusk', '@GailAlfarATX', '@Tesla', '@teslacn', '@TeslaOwnersEBay', '@blueskykites', '@Kristennetten', '@JenniCurrent', '@daelmor', '@IheartTesla', '@EvrybodynthrMom', 'as', 'far', 'as', 'I', 'remember', ',', 'Leonardo', 'da', 'Vinci', 'already', 'wrote', 'in', 'his', 'scripts', 'that', 'children', 'should', 'be', 'conceived', 'and', 'raised', 'in', 'love', 'so', 'that', 'they', 'have', 'a', 'valuable', 'life', ',', 'and', 'that', 'means', 'that', 'children', 'are', 'love', ',', 'like', 'Leonardo', 'i', 'believe', ',', 'love', 'is', 'important', 'from', 'the', 'very', 'first', 'moment']","['@elonmusk', '@GailAlfarATX', '@Tesla', '@teslacn', '@TeslaOwnersEBay', '@blueskykites', '@Kristennetten', '@JenniCurrent', '@daelmor', '@IheartTesla', '@EvrybodynthrMom', 'as', 'far', 'as', 'I', 'remember', ',', 'Leonardo', 'da', 'Vinci', 'already', 'wrote', 'in', 'his', 'scripts', 'that', 'children', 'should', 'be', 'conceived', 'and', 'raised', 'in', 'love', 'so', 'that', 'they', 'have', 'a', 'valuable', 'life', ',', 'and', 'that', 'means', 'that', 'children', 'are', 'love', ',', ' ', 'like', 'Leonardo', 'i', 'believe', ',', 'love', 'is', 'important', 'from', 'the', 'very', 'first', 'moment']","['@', 'elonmusk', '@', 'GailAlfarATX', '@', 'Tesla', '@', 'teslacn', '@', 'TeslaOwnersEBay', '@', 'blueskykites', '@', 'Kristennetten', '@', 'JenniCurrent', '@', 'daelmor', '@', 'IheartTesla', '@', 'EvrybodynthrMom', 'as', 'far', 'as', 'I', 'remember', ',', 'Leonardo', 'da', 'Vinci', 'already', 'wrote', 'in', 'his', 'scripts', 'that', 'children', 'should', 'be', 'conceived', 'and', 'raised', 'in', 'love', 'so', 'that', 'they', 'have', 'a', 'valuable', 'life', ',', 'and', 'that', 'means', 'that', 'children', 'are', 'love', ',', 'like', 'Leonardo', 'i', 'believe', ',', 'love', 'is', 'important', 'from', 'the', 'very', 'first', 'moment']"
42,"@RickMcIntosh16 @greg16676935420 @elonmusk Let’s me real , no average American is going to pay 40K to 70K for a car when they can barely afford cost of a new car right now   Tesla is not recession proof and when the economy starts shitting brinks , Tesla is fucked. No wonder why Elon wanted twitter","['@RickMcIntosh16', '@greg16676935420', '@elonmusk', 'Let', '’', 's', 'me', 'real', ',', 'no', 'average', 'American', 'is', 'going', 'to', 'pay', '40K', 'to', '70K', 'for', 'a', 'car', 'when', 'they', 'can', 'barely', 'afford', 'cost', 'of', 'a', 'new', 'car', 'right', 'now', 'Tesla', 'is', 'not', 'recession', 'proof', 'and', 'when', 'the', 'economy', 'starts', 'shitting', 'brinks', ',', 'Tesla', 'is', 'fucked', '.', 'No', 'wonder', 'why', 'Elon', 'wanted', 'twitter']","['@RickMcIntosh16', '@greg16676935420', '@elonmusk', 'Let', '’s', 'me', 'real', ',', 'no', 'average', 'American', 'is', 'going', 'to', 'pay', '40', 'K', 'to', '70', 'K', 'for', 'a', 'car', 'when', 'they', 'can', 'barely', 'afford', 'cost', 'of', 'a', 'new', 'car', 'right', 'now', '  ', 'Tesla', 'is', 'not', 'recession', 'proof', 'and', 'when', 'the', 'economy', 'starts', 'shitting', 'brinks', ',', 'Tesla', 'is', 'fucked', '.', 'No', 'wonder', 'why', 'Elon', 'wanted', 'twitter']","['@', 'RickMcIntosh16', '@', 'greg16676935420', '@', 'elonmusk', 'Let', '’', 's', 'me', 'real', ',', 'no', 'average', 'American', 'is', 'going', 'to', 'pay', '40K', 'to', '70K', 'for', 'a', 'car', 'when', 'they', 'can', 'barely', 'afford', 'cost', 'of', 'a', 'new', 'car', 'right', 'now', 'Tesla', 'is', 'not', 'recession', 'proof', 'and', 'when', 'the', 'economy', 'starts', 'shitting', 'brinks', ',', 'Tesla', 'is', 'fucked', '.', 'No', 'wonder', 'why', 'Elon', 'wanted', 'twitter']"
43,"@Turbo8oost @senafan1901 @FrederickZiffel @RobertELBowman You are now becoming a joke. Clutching at straws trying to make out your beloved Tesla is the only answer. It's laughable and why America is lagging behind in going ""green"" I'm sure it will soon be against your constitution! As we say, (not in a good way), "" Only in America!""","['@Turbo8oost', '@senafan1901', '@FrederickZiffel', '@RobertELBowman', 'You', 'are', 'now', 'becoming', 'a', 'joke', '.', 'Clutching', 'at', 'straws', 'trying', 'to', 'make', 'out', 'your', 'beloved', 'Tesla', 'is', 'the', 'only', 'answer', '.', ""It's"", 'laughable', 'and', 'why', 'America', 'is', 'lagging', 'behind', 'in', 'going', '""', 'green', '""', ""I'm"", 'sure', 'it', 'will', 'soon', 'be', 'against', 'your', 'constitution', '!', 'As', 'we', 'say', ',', '(', 'not', 'in', 'a', 'good', 'way', ')', ',', '""', 'Only', 'in', 'America', '!', '""']","['@Turbo8oost', '@senafan1901', '@FrederickZiffel', '@RobertELBowman', 'You', 'are', 'now', 'becoming', 'a', 'joke', '.', 'Clutching', 'at', 'straws', 'trying', 'to', 'make', 'out', 'your', 'beloved', 'Tesla', 'is', 'the', 'only', 'answer', '.', 'It', ""'s"", 'laughable', 'and', 'why', 'America', 'is', 'lagging', 'behind', 'in', 'going', '""', 'green', '""', 'I', ""'m"", 'sure', 'it', 'will', 'soon', 'be', 'against', 'your', 'constitution', '!', 'As', 'we', 'say', ',', '(', 'not', 'in', 'a', 'good', 'way', ')', ',', '""', 'Only', 'in', 'America', '!', '""']","['@', 'Turbo8oost', '@', 'senafan1901', '@', 'FrederickZiffel', '@', 'RobertELBowman', 'You', 'are', 'now', 'becoming', 'a', 'joke', '.', 'Clutching', 'at', 'straws', 'trying', 'to', 'make', 'out', 'your', 'beloved', 'Tesla', 'is', 'the', 'only', 'answer', '.', 'It', ""'s"", 'laughable', 'and', 'why', 'America', 'is', 'lagging', 'behind', 'in', 'going', '``', 'green', ""''"", 'I', ""'m"", 'sure', 'it', 'will', 'soon', 'be', 'against', 'your', 'constitution', '!', 'As', 'we', 'say', ',', '(', 'not', 'in', 'a', 'good', 'way', ')', ',', '``', 'Only', 'in', 'America', '!', ""''""]"
44,@elonmusk @GailAlfarATX @Tesla @teslacn @TeslaOwnersEBay @blueskykites @Kristennetten @JenniCurrent @daelmor @IheartTesla @EvrybodynthrMom How weird has the world gotten that we need reminders that children are essential to our future 😂.,"['@elonmusk', '@GailAlfarATX', '@Tesla', '@teslacn', '@TeslaOwnersEBay', '@blueskykites', '@Kristennetten', '@JenniCurrent', '@daelmor', '@IheartTesla', '@EvrybodynthrMom', 'How', 'weird', 'has', 'the', 'world', 'gotten', 'that', 'we', 'need', 'reminders', 'that', 'children', 'are', 'essential', 'to', 'our', 'future', '😂', '.']","['@elonmusk', '@GailAlfarATX', '@Tesla', '@teslacn', '@TeslaOwnersEBay', '@blueskykites', '@Kristennetten', '@JenniCurrent', '@daelmor', '@IheartTesla', '@EvrybodynthrMom', 'How', 'weird', 'has', 'the', 'world', 'gotten', 'that', 'we', 'need', 'reminders', 'that', 'children', 'are', 'essential', 'to', 'our', 'future', '😂', '.']","['@', 'elonmusk', '@', 'GailAlfarATX', '@', 'Tesla', '@', 'teslacn', '@', 'TeslaOwnersEBay', '@', 'blueskykites', '@', 'Kristennetten', '@', 'JenniCurrent', '@', 'daelmor', '@', 'IheartTesla', '@', 'EvrybodynthrMom', 'How', 'weird', 'has', 'the', 'world', 'gotten', 'that', 'we', 'need', 'reminders', 'that', 'children', 'are', 'essential', 'to', 'our', 'future', '😂', '.']"
45,@elonmusk chances we get airplay to tesla? Wouldn’t mind getting Xbox play on tesla either 😏,"['@elonmusk', 'chances', 'we', 'get', 'airplay', 'to', 'tesla', '?', 'Wouldn', '’', 't', 'mind', 'getting', 'Xbox', 'play', 'on', 'tesla', 'either', '😏']","['@elonmusk', 'chances', 'we', 'get', 'airplay', 'to', 'tesla', '?', 'Would', 'n’t', 'mind', 'getting', 'Xbox', 'play', 'on', 'tesla', 'either', '😏']","['@', 'elonmusk', 'chances', 'we', 'get', 'airplay', 'to', 'tesla', '?', 'Wouldn', '’', 't', 'mind', 'getting', 'Xbox', 'play', 'on', 'tesla', 'either', '😏']"
46,"@JamesHoffmann3 @TaylorOgan @Christiano92 @bagguley @physics_savage @kunalbht 1- When a car passes me or a motorcycle is coming from the opposite direction, my M3 2019 swerves to the right. 2- A ridicule amount of phantom breaking  Service center response:  This is cause by radar, Remove emergency brake function!!!  Robotaxi ready?🤣🤣🤣 @Tesla @elonmusk","['@JamesHoffmann3', '@TaylorOgan', '@Christiano92', '@bagguley', '@physics_savage', '@kunalbht', '1', '-', 'When', 'a', 'car', 'passes', 'me', 'or', 'a', 'motorcycle', 'is', 'coming', 'from', 'the', 'opposite', 'direction', ',', 'my', 'M3', '2019', 'swerves', 'to', 'the', 'right', '.', '2', '-', 'A', 'ridicule', 'amount', 'of', 'phantom', 'breaking', 'Service', 'center', 'response', ':', 'This', 'is', 'cause', 'by', 'radar', ',', 'Remove', 'emergency', 'brake', 'function', '!', '!', '!', 'Robotaxi', 'ready', '?', '🤣', '🤣', '🤣', '@Tesla', '@elonmusk']","['@JamesHoffmann3', '@TaylorOgan', '@Christiano92', '@bagguley', '@physics_savage', '@kunalbht', '1-', 'When', 'a', 'car', 'passes', 'me', 'or', 'a', 'motorcycle', 'is', 'coming', 'from', 'the', 'opposite', 'direction', ',', 'my', 'M3', '2019', 'swerves', 'to', 'the', 'right', '.', '2-', 'A', 'ridicule', 'amount', 'of', 'phantom', 'breaking', ' ', 'Service', 'center', 'response', ':', ' ', 'This', 'is', 'cause', 'by', 'radar', ',', 'Remove', 'emergency', 'brake', 'function', '!', '!', '!', ' ', 'Robotaxi', 'ready', '?', '🤣', '🤣', '🤣', '@Tesla', '@elonmusk']","['@', 'JamesHoffmann3', '@', 'TaylorOgan', '@', 'Christiano92', '@', 'bagguley', '@', 'physics_savage', '@', 'kunalbht', '1-', 'When', 'a', 'car', 'passes', 'me', 'or', 'a', 'motorcycle', 'is', 'coming', 'from', 'the', 'opposite', 'direction', ',', 'my', 'M3', '2019', 'swerves', 'to', 'the', 'right', '.', '2-', 'A', 'ridicule', 'amount', 'of', 'phantom', 'breaking', 'Service', 'center', 'response', ':', 'This', 'is', 'cause', 'by', 'radar', ',', 'Remove', 'emergency', 'brake', 'function', '!', '!', '!', 'Robotaxi', 'ready', '?', '🤣🤣🤣', '@', 'Tesla', '@', 'elonmusk']"
47,Tesla previews a solar-powered ‘trailer’ - The Independent  https://t.co/00CPxDeG63,"['Tesla', 'previews', 'a', 'solar-powered', '‘', 'trailer', '’', '-', 'The', 'Independent', 'https://t.co/00CPxDeG63']","['Tesla', 'previews', 'a', 'solar', '-', 'powered', '‘', 'trailer', '’', '-', 'The', 'Independent', ' ', 'https://t.co/00CPxDeG63']","['Tesla', 'previews', 'a', 'solar-powered', '‘', 'trailer', '’', '-', 'The', 'Independent', 'https', ':', '//t.co/00CPxDeG63']"
48,@elonmusk @GailAlfarATX @Tesla @teslacn @TeslaOwnersEBay @blueskykites @Kristennetten @JenniCurrent @daelmor @IheartTesla @EvrybodynthrMom ALL children are of infinite value.,"['@elonmusk', '@GailAlfarATX', '@Tesla', '@teslacn', '@TeslaOwnersEBay', '@blueskykites', '@Kristennetten', '@JenniCurrent', '@daelmor', '@IheartTesla', '@EvrybodynthrMom', 'ALL', 'children', 'are', 'of', 'infinite', 'value', '.']","['@elonmusk', '@GailAlfarATX', '@Tesla', '@teslacn', '@TeslaOwnersEBay', '@blueskykites', '@Kristennetten', '@JenniCurrent', '@daelmor', '@IheartTesla', '@EvrybodynthrMom', 'ALL', 'children', 'are', 'of', 'infinite', 'value', '.']","['@', 'elonmusk', '@', 'GailAlfarATX', '@', 'Tesla', '@', 'teslacn', '@', 'TeslaOwnersEBay', '@', 'blueskykites', '@', 'Kristennetten', '@', 'JenniCurrent', '@', 'daelmor', '@', 'IheartTesla', '@', 'EvrybodynthrMom', 'ALL', 'children', 'are', 'of', 'infinite', 'value', '.']"
49,The engagement between Elon Musk and Twitter was short lived. What are your thoughts on this mega-deal collapsing?  https://t.co/hjHR2R9FEl   #twitter #elonmusk #tesla  https://t.co/xh45BdFj9y,"['The', 'engagement', 'between', 'Elon', 'Musk', 'and', 'Twitter', 'was', 'short', 'lived', '.', 'What', 'are', 'your', 'thoughts', 'on', 'this', 'mega-deal', 'collapsing', '?', 'https://t.co/hjHR2R9FEl', '#twitter', '#elonmusk', '#tesla', 'https://t.co/xh45BdFj9y']","['The', 'engagement', 'between', 'Elon', 'Musk', 'and', 'Twitter', 'was', 'short', 'lived', '.', 'What', 'are', 'your', 'thoughts', 'on', 'this', 'mega', '-', 'deal', 'collapsing', '?', ' ', 'https://t.co/hjHR2R9FEl', '  ', '#', 'twitter', '#', 'elonmusk', '#', 'tesla', ' ', 'https://t.co/xh45BdFj9y']","['The', 'engagement', 'between', 'Elon', 'Musk', 'and', 'Twitter', 'was', 'short', 'lived', '.', 'What', 'are', 'your', 'thoughts', 'on', 'this', 'mega-deal', 'collapsing', '?', 'https', ':', '//t.co/hjHR2R9FEl', '#', 'twitter', '#', 'elonmusk', '#', 'tesla', 'https', ':', '//t.co/xh45BdFj9y']"
50,@elonmusk @GailAlfarATX @Tesla @teslacn @TeslaOwnersEBay @blueskykites @Kristennetten @JenniCurrent @daelmor @IheartTesla @EvrybodynthrMom Not necessarily,"['@elonmusk', '@GailAlfarATX', '@Tesla', '@teslacn', '@TeslaOwnersEBay', '@blueskykites', '@Kristennetten', '@JenniCurrent', '@daelmor', '@IheartTesla', '@EvrybodynthrMom', 'Not', 'necessarily']","['@elonmusk', '@GailAlfarATX', '@Tesla', '@teslacn', '@TeslaOwnersEBay', '@blueskykites', '@Kristennetten', '@JenniCurrent', '@daelmor', '@IheartTesla', '@EvrybodynthrMom', 'Not', 'necessarily']","['@', 'elonmusk', '@', 'GailAlfarATX', '@', 'Tesla', '@', 'teslacn', '@', 'TeslaOwnersEBay', '@', 'blueskykites', '@', 'Kristennetten', '@', 'JenniCurrent', '@', 'daelmor', '@', 'IheartTesla', '@', 'EvrybodynthrMom', 'Not', 'necessarily']"
